Class,MIC_GOWAWA[0.6;1;S-OWA;1.0;0.0;2;W-OWA;0.9;1.0]_H_cdch,TS[3]_GOWAWA[0.0;1;NONE;0.0;0.0;0;S-OWA;0.0;1.0]_T_cdch,TS[1]_SIC_T_scm,GV[4]_CHOQUET[A;-0.75;AO1;0.9]_H_pah,GV[1]_HM_H_pah,TS[3]_CHOQUET[A;-0.75;AO2;0.0]_N_scm,TS[4]_V_U_z3,TS[1]_CHOQUET[D;-0.75;AO1;1.0]_C_pie,GV[2]_CHOQUET[A;-0.75;AO1;0.3]_H_eps,GV[2]_GOWAWA[0.2;2;ES2-OWA;0.9;0.0;2;W-OWA;0.4;0.6]_N_pie,AC[7]_HM_U_mw,GV[2]_GOWAWA[0.8;1;AO2-OWA;1.0;0.0;1;ES2-OWA;0.9;0.0]_U_eps,GV[3]_CHOQUET[A;-0.75;AO1;0.3]_H_pah,TS[4]_GOWAWA[0.7;1;AO2-OWA;1.0;0.0;1;ES2-OWA;0.9;0.0]_N_scv,GV[3]_GOWAWA[0.1;0;W-OWA;0.1;0.6;2;W-OWA;0.1;0.2]_U_pie,GV[2]_CHOQUET[A;-0.75;AO1;0.2]_U_pbs,ES_SD_H_z2,AC[1]_CHOQUET[A;-0.75;AO1;0.2]_H_pah,CHOQUET[A;-0.75;AO1;0.9]_U_pbs,AC[1]_CHOQUET[A;0.5;AO2;0.5]_F_z3,AC[4]_AM_T_hwhh,AC[3]_CHOQUET[A;-0.75;AO1;0.3]_H_pah,GV[2]_GOWAWA[0.9;1;S-OWA;1.0;0.0;1;ES2-OWA;0.9;0.0]_U_pah,TS[2]_GOWAWA[0.0;1;NONE;0.0;0.0;0;S-OWA;0.0;1.0]_U_isa,GV[4]_GOWAWA[0.2;2;ES2-OWA;0.9;0.0;2;W-OWA;0.4;0.6]_T_eps,GV[1]_P2_U_pbs,TS[3]_I50_F_mw,AC[2]_CHOQUET[A;-0.5;AO1;0.2]_U_pbs,AC[2]_SIC_T_scv,GV[2]_N2_B_gcp1,GV[3]_AM_U_z2,TS[2]_Q1_T_eps,CHOQUET[D;-0.25;AO1;0.8]_B_scv,TS[2]_SIC_T_cch,TS[2]_GOWAWA[0.5;1;ES1-OWA;0.7;0.0;1;ES2-OWA;0.9;0.0]_F_cdch,GV[2]_CHOQUET[A;-0.75;AO2;0.7]_N_gcp1,AC[1]_HM_H_pah,CHOQUET[D;-0.75;AO1;0.9]_B_isa,ES_VC_T_gcp2,TS[4]_GOWAWA[0.5;1;AO2-OWA;1.0;0.0;1;ES2-OWA;0.9;0.0]_F_cch,MIC_GOWAWA[0.0;1;NONE;0.0;0.0;0;S-OWA;0.0;1.0]_N_hwhh,AC[3]_HM_T_pie,TS[3]_GOWAWA[0.7;1;AO2-OWA;1.0;0.0;1;ES2-OWA;0.9;0.0]_D_bi,ES_Q2_A_khh,SD_P_scv,CHOQUET[D;-0.25;AO1;0.8]_P_isa,TS[3]_GOWAWA[0.7;1;S-OWA;0.8;0.2;1;ES2-OWA;0.9;0.0]_C_gcp1,AC[5]_P3_U_khh,ES_Q3_F_pah,SIC_T_ptt,TS[3]_HM_U_khh,GV[7]_P2_T_z3,AC[1]_CHOQUET[A;-0.75;AO1;0.3]_A_pie,GV[5]_HM_H_mw,TS[3]_CHOQUET[A;-0.75;AO1;0.3]_F_scm,GV[3]_GOWAWA[0.4;1;AO2-OWA;1.0;0.0;1;ES2-OWA;0.9;0.0]_U_scv,GV[3]_CHOQUET[A;-0.5;AO1;0.3]_U_gcp1,GOWAWA[0.1;2;ES2-OWA;0.9;0.0;2;W-OWA;0.7;0.8]_F_ptt,GV[2]_N3_P_z3,AC[7]_P2_T_z3,TS[3]_GOWAWA[0.0;1;NONE;0.0;0.0;0;S-OWA;0.0;1.0]_T_pah,ES_Q3_U_pie,TS[3]_GOWAWA[0.0;1;NONE;0.0;0.0;2;W-OWA;0.5;0.6]_H_cch,TS[3]_AM_F_z1,AC[4]_GOWAWA[0.8;1;S-OWA;1.0;0.0;1;ES2-OWA;0.9;0.0]_F_hwhh,AC[3]_N3_U_hwhh,TS[3]_GOWAWA[0.0;1;NONE;0.0;0.0;2;W-OWA;0.5;0.6]_N_gcp1,AC[2]_GOWAWA[0.2;2;S-OWA;0.6;0.0;2;S-OWA;0.8;0.1]_B_pie,MIC_SD_C_hwhh,GV[3]_CHOQUET[A;-0.75;AO2;0.7]_T_khh,AC[4]_N3_A_khh,GV[2]_CHOQUET[A;-0.75;AO1;0.3]_H_pah,GV[4]_GOWAWA[0.9;1;S-OWA;1.0;0.0;1;ES2-OWA;0.9;0.0]_A_scm,CHOQUET[A;-0.75;AO1;1.0]_F_khh,TS[2]_CHOQUET[A;-0.25;AO2;1.0]_T_khh,TS[3]_GOWAWA[0.0;1;NONE;0.0;0.0;2;W-OWA;0.5;0.6]_N_scm,GOWAWA[0.3;2;S-OWA;0.6;0.0;2;W-OWA;0.9;1.0]_U_cch,AC[4]_GOWAWA[0.0;1;NONE;0.0;0.0;0;S-OWA;0.0;1.0]_T_pie,TS[4]_P2_P_ptt,SIC_T_scm,TS[4]_GOWAWA[0.0;1;NONE;0.0;0.0;2;W-OWA;0.5;0.7]_H_pie,ES_Q3_C_cdch,TS[3]_GOWAWA[0.2;1;AO2-OWA;1.0;0.0;1;ES2-OWA;0.9;0.0]_F_cch,AC[2]_GOWAWA[0.9;1;S-OWA;1.0;0.0;1;ES2-OWA;0.9;0.0]_B_pbs,TS[4]_GOWAWA[0.2;2;S-OWA;0.6;0.0;2;S-OWA;0.8;0.1]_T_cch,GV[1]_GOWAWA[0.1;2;ES2-OWA;0.9;0.0;2;W-OWA;0.2;0.3]_T_isa,AC[7]_P3_U_ptt,AC[2]_CHOQUET[A;-0.25;AO1;0.8]_H_pah,GOWAWA[0.0;1;NONE;0.0;0.0;2;W-OWA;0.5;0.6]_N_ptt,AC[1]_AM_T_kh,SIC_F_hwhh,GV[3]_P2_T_eps,TS[3]_Q1_T_eps,CHOQUET[A;-0.5;AO2;0.0]_N_isa,GOWAWA[0.8;1;AO2-OWA;1.0;0.0;1;ES2-OWA;0.9;0.0]_F_mw
APP,0.491825093,1,0.857657938,0.379966611,1.637155078,6.74155194,2.067598696,10.39478428,100108.4199,0.068004438,9811.318534,98226.47097,0.516961802,102.9898309,7.81179479,0.396846694,1.561607163,1.621518676,0.860801115,0.038053856,-0.141521739,1.550885407,0.479907823,151.69,51468.46495,0.851847848,115.0886,0.843340813,0.912302548,205.9247642,0.137636879,-967.03,172.6251809,0.214539025,0.556197178,62.39685198,1.637155078,162.0623772,13.34079856,0.328394393,0.243533621,33.97786876,0.057713035,-0.159870649,66.15417984,148.1189747,19.26834939,1.060168931,0.877381843,0.701838733,1.166200233,0.397546971,35.67105866,2654.626613,112.5490423,2294.888933,114.4131507,0.975167669,-1.172104636,2.782828799,1.24,8.175346532,0,1.532553191,7.245753585,0.746604503,0,7.128224667,0.156248528,0.198180264,0.5686214,0.811686338,3910.230069,0.875871797,2.074917142,0,0.530232393,32.1488,1.030036407,0.687664028,9.93361573,-0.093257325,0.366848185,1.438649077,0.518457756,1955.982181,1.49337626,1.668701961,0,-0.081632653,0.183583383,69386.80475,-951.76,0.749818557,81.96811436
APP,0.510462581,2,0.796453036,0,1.3653,0,5.671891667,10.57176961,90605.98805,0,0,74111.6984,0.4551,0,0,0.2738,1.377475446,1.3653,0.966895894,0,2.225,1.3653,0.55998945,0,41278.18666,0.925,0,0.5476,0.871049064,219.2418,-0.150026667,-850.48,217.366725,0,0,0,1.3653,166.2123668,0.864651023,0,0,41.9448976,0,0,105.4509094,179.16,11.301326,0,0,0.75,0.757357024,0.381285714,0,0,0,3177.248152,105.8246,0,0.36125,2.669,2.34,7.908891624,0,0,0,2.3,0,30.74608899,0.075550203,0.233763949,0,0.61605,0,0,2.406712682,0,0,55.1284,0.75,0.75,0,1.625017361,0,1.24638008,0,10346.43518,0,1.2321,0,0,0,57752.22559,-872.335,0,0
APP,0.5,2,0.827729377,0,1.3653,0,8.4872,10.4421881,90605.98805,0,0,74113.29828,0.4551,0,0.95654,0.2738,1.58036974,1.3653,0.966895894,0,-1.75,1.3653,0.55998945,0,40894.34562,0.925,0,0.5476,1,0,-0.250044444,-851.08,211.8111216,0,0,0,1.3653,158.8576552,0.939895457,0,0,42.32688414,0,0,92.99896057,179.16,14.8049,0,0,0.871049064,0.811904762,0,0,0,0,3178.047581,105.8246,0,0,0,2.34,7.856859722,0,0,0,2.3,0,0,0.097825277,0.241831563,0,0.61605,0,0,2.472818882,0,0,55.1284,0.75,0.871049064,5.07,1.453611111,0,0,0,23270.22125,0,1.2321,0,0,0,59009.82868,-872.66,0,0
APP,0,2,0.49113259,0,0,0,0,19.92696104,0,0,0,0,0,0,0,0,0,0,0,0,3.375,0,0,0,42412.79935,0,48.55835,0,0.484196257,0,0,-828.4125,140,0,0,0,0,120.91,1.47429377,0,0,89.57178265,0,-0.090666667,58.942016,121.6334097,29.123826,0,-0.011570295,0.353759375,0,0.633942857,0,0,115,0,0,0.132093714,0,4.4376,1.92,0,0,-0.244,0,0,0,0,0.133446518,0.409097214,0,0,0,0.69,2.911705347,0,0,115.7776,1.387551801,0.353759375,0,1.274739583,0,0,0,5000.477304,0,0,0,0.571428571,0,55564.975,-831.445,0,74.16730501
APP,0.428826479,2,1,0,1.599,0,0.398256667,9.74,0,0,0,85379.92415,0,0,0,0.475,1.244511561,1.599,0.976018548,0,0.27,0,0.29484,150.03,43426.37635,0.827545769,97.1167,0.95,1,176.0007,0,-901.9875,193.1707499,0.270426041,0.5455,0,1.599,173.8557935,7.042757985,0.0405,0,35.19065661,0,-0.055987087,93.47259848,165.9650921,9.850035635,0,0.213940625,0.939794001,1.122053431,0.30847244,0,0,188.5351193,0,0,0.936401479,-0.9721687,2.159307077,1.79,6.904727606,0,0.111428571,0,0,0,8.091502649,0.138161612,0.133436839,0.3519,0,3226.001074,1.013809524,1.758498392,0,0.24,33.3374,1.417039167,0.939794001,4.228498551,-0.01480517,0.0648,1.364192993,0.266578874,15320.39794,0,0,0,0,0.141181742,58312.47082,-888.78,0,84.90337059
APP,0.451130939,0,0.883401528,0.410106247,1.689262577,23.02093094,0.206258824,13.72717611,92494.55767,0,14620.19977,84839.90885,0.551504029,92.12745116,0,0.395985718,2.153276632,1.660237829,0.827987443,0,0.485,1.654512088,0.32448836,39.86,50993.73125,0,114.1038,0.791971436,0.930586536,284.3953309,0,-946.04,167.9977,0.285635894,0.490061554,0,1.689262577,163.4213685,-4.300764699,0.244451934,0.391973062,26.0722519,0.05565415,0.661742675,76.88732311,138.0090339,10.83365609,0,0.148678855,0.775756176,0.954120267,0.418429931,35.97110958,1920.644016,127.3405219,0,0,0.0641103,0.761956614,2.929009518,1.85,-0.10014592,0.577350278,1.34,0.483765727,0,10.70984765,31.67467641,0.071038175,0.171766887,0.817540907,0.815089973,4554.471405,1.003099627,1.874172257,84.29314056,0.737686698,33.7305,1.004394511,0.710883172,9.863464148,-0.032168184,0.410724108,1.977141529,0.646344147,13316.24623,1.2416,1.655132953,0,-0.047619048,0.156938802,68693.02135,-952.4,2.272760532,81.08954939
APP,0.284417591,1,0.939794001,0,1.4319,0,2.037933333,17.754,0,0,14209.07236,88293.29347,0,0,0,0.412181899,1.006605555,1.4319,0.926272619,0.008625181,-1.285714286,0,0.296698671,98.44,45759.84965,0.982262348,65.30865,0.838070322,0.763230027,0,0.895566667,-873.58,180.95388,0.24107968,0,0,1.4319,141.460105,-8.567928358,0.6401345,0,43.87201205,0.447645132,0.613372315,54.51015418,120.8306375,13.54553834,0.623662986,0.904693878,0.737213794,0.988042315,0.312669959,35.78032952,0,90.99283528,1549.873033,118.4812836,1.161181479,0,2.188689716,1.28,7.859089679,0,1.9175,0,0,0,0,0.148704793,0.215375479,0.724057959,0,2263.436567,0.766021505,1.9730192,0,0.663164324,35.6409,0.658976479,0.737213794,0,-0.036033163,0.4637664,0,0.934187366,2684.94973,1.3965,0,0,0.1,0.12704312,60493.25465,-864.015,0,60.4401776
APP,0.216145051,1,0.9375,0.416022852,1.670272374,9.5,0.255173077,10.76,97198.3841,0,7582.612915,91126.88448,0.5461,71.17268747,7.193312432,0.368,1.427598286,1.670545527,0.881196695,0.050704295,0.551538462,1.6383,0.322632324,0,47014.86027,0,87.0782,0.736,0.884735489,0,0.208019048,-928.02,187.9540457,0.269519084,0,0,1.670272374,169.5419968,-5.223915123,0.109586054,0.240438991,34.28110767,0.136429041,0.564282107,85.69585797,151.7199944,10.7989574,0,0.951780448,0.798523083,0.920844753,0.239165469,35.79253516,2210.827128,99.58122928,979.9451531,122.7889333,0.935485765,0.382668065,1.674158284,2.56,9.463395779,0,1.317142857,0,0,0,0,0.111808447,0.14699575,0.499823327,0.8385,3907.058361,0.933810787,1.748017994,0,0.2413199,64.6676,0.953634197,0.746575995,4.228498551,-0.009132231,0.365877104,0,0.310397146,3620.12242,1.7689,1.677,0,0,0.204123452,65176.86062,-903.81,1.085882353,72.63278679
APP,0.23449045,1,0.962478638,0,1.651,11.08333333,0.139025455,10.76,97198.3841,0,7582.612915,88178.53208,0.5461,72.58583535,7.193312432,0.403092825,1.389303907,1.651,0.881196695,0.058167648,-0.039090909,1.6383,0.323988089,0,46864.86993,0,87.0782,0.80618565,0.901157537,217.3572,0.242688889,-921.035,187.9540457,0.308102757,0,0,1.651,169.5419968,-7.263863406,0.117810369,0.260459373,34.11202269,0.15929263,0.574184321,86.57769976,150.5560128,10.7989574,0,0.982548532,0.863489053,0.920844753,0.13465042,35.81154685,0,99.58122928,1044.519506,122.7889333,0.944743182,-0.438221086,0.942552939,2.56,10.2318393,0,1.536666667,0,0,0,8.120070436,0.118482396,0.16641493,0.391362099,0.8385,3892.646994,0.933810787,1.780458048,0,0.242487114,64.6676,0.91680605,0.816480016,3.46987517,-0.012345679,0.425419329,1.49648472,0.325233436,3811.400474,1.7689,1.677,0,0,0.231792327,64989.21403,-910.21,1.230666667,74.05682565
APP,0.208125181,1,0.91365275,0.416022852,1.676796875,8.866666667,0.21015,10.76,98297.16709,0,9029.045738,91126.08468,0.5461,70.49842132,5.873315094,0.368,1.410470253,1.670540469,0.881196695,0.047647524,0.233571429,1.6383,0.322632324,0,48300.19932,0,87.0782,0.736,0.863204883,0,0.194151111,-924.5275,187.9540457,0.253524414,0,0,1.676796875,169.5419968,-4.573144126,0.106079899,0.2316625,34.37768706,0.126905654,0.642506484,84.96854416,152.0865599,10.7989574,0.68,0.93614899,0.76538826,0.920844753,0.196065965,35.78293648,2210.827128,99.58122928,952.3585523,122.7889333,0.931210224,0.550430778,1.372461754,2.56,9.011497266,0,1.229333333,0,0,0,0,0.108739992,0.142562811,0.583161307,0.840670014,3937.499068,0.933810787,1.737294976,0,0.240831892,64.6676,0.900282007,0.7134271,4.882649627,-0.007934458,0.340493314,0,0.304255535,5797.1604,1.566089034,1.681351198,0,0,0.192586612,65410.28117,-913.41,1.025555556,72.00261304
APP,0.447322221,1,0.91365275,0.386182648,1.542749227,0,0.313193956,17.49343734,96916.5051,0,0,0,0.519574589,0,0,0,1.930780866,1.54347017,1.021894281,0,2.011428571,1.558723766,0,19.93,45405.5207,1.15,57.0519,0,0.756099368,0,0,-881.11,160.3899324,0.202819531,0,0,1.542749227,129.1929976,-11.16453211,0.103726852,0,52.75449248,0.070406518,-0.207910902,69.16154363,137.291247,25.60729802,0.613960536,-0.031427424,0.74007293,0.796620975,0.831360772,35.86089362,1708.729746,75,0,0,0.074415374,0,5.819525401,1.79,8.043602381,0,0.594666667,0,0,0,0,0.157970698,0.20125123,0.693385198,0.79335,3949.397459,0.68,1.989723587,0,0.649094169,35.6409,0.778927835,0.703369798,7.928762106,1.621171002,0.159877151,0,0.455885719,7018.479401,0,1.5867,0,0.176470588,0,61880.70353,-895.24,0,43.61413657
APP,0.476274946,2,0.803800964,0.370492118,1.505714133,6.01645457,4.51457736,9.856542517,92363.00397,0,8301.873344,87039.4702,0.487058479,88.42607197,2.871465141,0.345776619,1.815070783,1.448881614,0.831962521,0.028670754,0.084883721,1.461175436,0.643303631,0,46806.55682,0.896995842,87.0782,0.751153476,0.87764742,380.4718803,0.300170881,-917.67,161.0115502,0.157694041,0.510946107,0,1.505714133,165.7677958,301.8709269,0.189589455,0.260459373,31.00482182,0.056903231,-0.165515344,77.6447188,151.458486,18.96407888,0.816087403,-0.044368536,0.602004552,0.848543991,0.625505468,35.97567669,2061.81133,97.21485015,1623.265281,115.2761075,0.673902143,-0.933548076,4.378538274,2.18,8.950551717,0.447213599,1.122298851,0,0.298241565,8.295812258,13.50871184,0.048256594,0.137839088,0.92722843,0.692752648,3867.46728,0.864779588,1.825539967,65.29318543,0.24166092,53.3752,0.815450074,0.582279962,7.053072249,-0.014451443,0.242401233,1.788352526,0.486691308,8580.966445,1.372106424,1.487995237,0.316227768,-0.011235955,0.119193629,65158.28072,-914.05,0.931803091,74.53698498
APP,0.441048071,1,0.958424899,0.417643103,1.50700649,0,3.032337778,9.419198176,90412.41303,0,0,0,0.505416529,0,0,0,1.962176211,1.471218826,0.74,0,0.07,1.516249588,0,78.51,45270.6888,0,97.1167,0,0.907019018,0,0,-873.96,140,0,0,0,1.50700649,120.91,-30.20938156,0,0,38.69556034,0,0.658046634,65.67753936,126.6783698,12.16376557,0,-0.019601209,0.709026058,0.55,0.608177571,36.5552651,1708.218231,158.8177901,0,0,0.101505231,-1.623578499,4.257242994,2.26,-0.343633333,0,-0.443636364,0,0,0,0,0.046956964,0.140663597,0.84733653,0.761268214,3685.681924,0.69,1.570887964,0,0,64.3448,1.68041364,0.709026058,8.478219279,-0.059195011,0,0,0,8928.254344,0,1.558706668,0,0,0,61052.66457,-870.44,0,74.91312113
APP,0.494735562,0,0.517179297,0.392185348,1.617969293,0,0,15.26873372,88426.20965,0,0,0,0.525345081,0,0,0,2.973693124,1.572295628,0,0,0.056818182,1.576035244,0,0,47364.8295,0,0,0,0.600142131,0,0,-895.24,0,0,0,0,1.617969293,0,-2.091971885,0,0,45.07826267,0,0.643193314,70.31224251,133.028696,18.64290154,0,0,0.400880267,0,0.22752892,35.86868392,2120.709266,0,0,0,0,0.762171646,1.592702438,2.59,0,0,0,0,0,0,0,0.027812605,0.170965264,1.085824414,0.797692351,4018.995721,0,1.655385536,0,0,58.5374,1.116427835,0.400880267,13.89894755,1.727551827,0,0,0,10981.84895,0,1.612901748,0,0,0,62518.17708,-895.24,0,0
APP,0.474346173,0,0.844357795,0.399427801,1.612110775,7.385630997,0.371546881,13.43645312,101780.8281,0,4504.257825,93957.84394,0.523977128,87.05018142,0,0.418985213,1.95661321,1.593310558,0.871383106,0.021545569,0.082941176,1.571931384,0.471905693,19.93,50979.25335,0.772994179,57.0519,0.837970427,0.85834456,239.2512897,0.109364762,-931.1075,167.8868981,0.214402896,0.463912177,0,1.612110775,160.2439882,-7.688400112,0.221166732,0.223575132,36.27326552,0.09660253,0.486520241,76.42605217,137.9629195,20.19464611,0.69167688,-0.018571314,0.662847892,0.906990727,0.408302009,36.10229996,1611.289177,97.85147051,2446.254262,105.7133831,0.695628355,-1.351983004,2.858114066,1.53,9.083619109,0,0.895714286,0,0.04,7.665241084,7.738116177,0.1442556,0.151210366,0.979567415,0.803316733,3964.309032,0.841628378,1.842187157,59.47940864,0.557353041,33.7305,1.081205044,0.621484946,8.029325004,-0.038375442,0.288631915,2.018621315,0.632328978,8927.365602,2.27284307,1.634531626,0,-0.027027027,0.066712779,67341.67888,-917.03,1.043933144,67.80920432
APP,0.428826479,2,0.881071017,0.308025,0,6.838779956,6.890980462,10.76,96427.85131,0,7344.738077,90235.71155,0.481,93.82200381,4.464135,0.383713835,0.98477915,0,0.844158964,0.026520508,0.116153846,1.443,0.569000324,77.31,47461.28104,0.82026727,114.1038,0.823370692,0.884776443,315.7723894,0.342091358,-905.23,162.311122,0.208014598,0.559503886,0,0,157.1389387,8.12074347,0.256083921,0.16356302,31.01993456,0.080683817,-0.129529114,72.12825709,152.0730507,10.4486,0.78838301,0.944111762,0.683240064,1.023221022,0.606456389,36.99600551,2339.587847,108.4762648,2061.253637,117.4063602,0.912533358,0.552519507,4.245194723,2.01,8.183586269,0,1.310740741,0,0.460769035,0,8.519118392,0.082225021,0.153485109,0.3808,0.71080198,2212.584263,0.791065811,1.753812724,0,0.599799921,32.5682,1.274275058,0.669653728,3.585031434,-0.001851797,0.335692245,1.606048605,1.114822254,2991.807486,1.563415242,1.481186592,0,0,0.165450504,64614.95248,-905.54,1.006333333,76.97061682
APP,0.403174503,0,0.306882725,0.408079617,1.647856025,0,0.004736842,16.8015,95841.6247,0,0,0,0.544960406,0,0,0,2.03011522,1.6099749,0.92,0,0.559473684,1.634881217,0,0,48290.88634,0,0,0,0.453522322,0,0,-896.54,0,0.062881482,0,0,1.647856025,0,-1.623128517,0.075047318,0,38.91965942,0.040165372,0.667443651,64.38852947,129.2501593,10.58474219,0,-0.001551247,0.374688136,0.68,0.156777387,35.9398,1722.665905,75,0,0,0.051464938,0.960400168,1.097441708,2.59,-0.016537396,0,0.1115,0,0,0,0,0.149328452,0.152254294,1.24751472,0.814125753,4082.095446,0.68,1.608020033,0,0.235722755,36.1201,1.241887358,0.374688136,11.9960361,-0.037554586,0.108068137,0,0.875505435,9738.560553,0,1.651661314,0,0.090909091,0,64887.81201,-881.93,0,33.90049176
APP,0.502724222,1,0.916666667,0.388959887,1.572575953,22.16666667,3.19058,12.5235,82161.2236,0,3254.919294,0,0.511510782,77.74334963,0,0,2.774997696,1.55723063,0.837821351,0.050737844,-0.15,1.534532346,0,78.51,47955.54411,0.6808,71.561075,0,0.758039271,0,0,-943.79,0,0.350945343,0,0,1.572575953,0,-4.943263639,0.41355,0.352213889,33.34630236,0.211063229,0.788550391,44.3,62.9,10.94293849,0,0.779450894,0.693126721,0.630337079,0.038632345,36.0000204,2828.913697,96.60795224,0,0,1.015305078,0,0.270426413,2.4,7.638479103,0,1.35,0,0,0,0,0.141567448,0.211594266,0.720748922,0.7869,1906.14771,1.013763838,1.814038644,0,0.743972739,30.4707,1.103086579,0.693126721,10.0520769,0.787361111,0.609192,0,0.925192508,4159.779704,2.6896,1.5738,0,0,0.158760329,59896.51619,-874.745,2.051111111,75.07851677
APP,0.512223581,1,0.75,0,1.7568,73,0,7.59,71790.1832,0,0,0,0.5856,143.8,0,0,1.752356311,1.7568,0,0,-7.5,1.7568,0,0,9033.81429,0,0,0,1,0,0,-901.71,189.9,0.579380164,0,0,1.7568,189.42,2.280602453,0,0.464385619,30.78852966,0,-0.076666667,87.24956733,161.6889888,13.97,0,0.418888889,0.827729377,0,0,0,0,0,0,0,1.370226557,0.50175,0,2.66,0,0,0,0,0,0,0,0.061229707,0.289749078,0,0.7442,0,0.69,1.993084712,0,0,17.6456,0.58,0.827729377,0,1.5625,0,0,0.484261983,16379.44605,0,1.4884,0,0,0,54466.90305,-858.46,6.038,76.16253864
APP,0.41998128,1,0.814897429,0.417584999,1.634877792,0,0.406627941,9.991098124,98003.98412,0,0,90324.02143,0.565886217,0,0,0.365570951,1.827060739,1.606871211,0.903816648,0,0.094705882,1.69765865,0.520100975,19.75,48488.08284,0.76,57.0519,0.731141903,0.891527445,0,0.163683333,-896.54,163.1508109,0.240459721,0.53645,0,1.634877792,157.143901,-3.184532183,0.124950899,0,37.70539602,0.057990416,0.600328128,80.26846146,146.3853439,11.23321038,0.714,-0.015415972,0.758618988,0.991277346,0.144595679,35.13506551,2174.721488,112.0429867,1425.052764,124.5301499,0.06459096,0.715356289,1.012169755,1.72,7.728967256,0,0.962222222,0,0.06,0,0,0.071723834,0.15003968,0.874055273,0.866464581,4517.213467,0.887565151,1.83547379,0,0.593193045,61.1168,0.866155298,0.713716892,9.38456845,-0.037661643,0.271371144,0,0.306626972,9758.138401,0,1.756951376,0,0,0.124980593,64903.97279,-906.8925,0,69.50658239
APP,0.353294374,1,0.887435914,0.425018343,1.585695348,23.55952381,3.879785455,10.42357261,95697.91826,0.407769365,0,0,0.534759846,92.99961226,0,0,1.467705788,1.547034222,0.810969132,0.319734525,-0.445454545,1.604279537,0,0,50625.45968,0.9025,114.1038,0,0.958424899,0,0,-952.72,140,0.383618274,0.574785869,107.4742083,1.585695348,120.91,-51.77081148,0.184395524,0.464385619,28.88621372,0,-0.094540467,66.90025055,126.3837954,11.31428389,1.2,1.2384628,0.829361317,0.860335196,0.618015258,36.03001767,2166.751305,117.7896071,0,0,0.085523079,-0.055562518,4.326106809,2,8.640651939,0,1.738333333,0.048464905,0,0,0,0.147545834,0.223687471,0.378294801,0.77532493,3905.867758,1.131841298,2.176488834,0,0.646632308,16.5646,0.866495404,0.79523358,11.78712592,-0.070764463,0.290308919,0,0.495404966,3457.117895,0,1.592304203,0,-0.142857143,0.410796145,68415.53589,-927.5375,3.380074074,95.94765422
APP,0.395217447,2,0.842328277,0,0,0,3.49545,10.76,0,0,0,0,0,0,0,0,0.765090368,0,0.746773763,0,-2.08125,0,0,0,46232.53789,0.5624,0,0,0.653521248,321.4589304,0,-883.57,152.8592751,0.141181742,0.371523361,0,0,139.905095,16.14554496,0.02657205,0,44.87272538,0,-0.06782419,78.08900322,135.0363415,26.30599746,0,-0.009527778,0.610528527,0.671186441,1.037436479,35.79031597,0,132,0,0,0.071704064,0.958158502,7.262055353,1.92,6.065827909,0,0.357777778,0,0,0,11.07902782,0.097825277,0.152658126,0.2601,0,3107.745225,1.2,2.251109809,0,0.238746728,64.7752,0.554290087,0.610528527,0,1.483186515,0.038263752,1.988882627,0.250687874,4031.488517,0,0,0,0,0.115431291,61384.50903,-886.75,0,83.98783455
APP,0.436922993,2,0.852415769,0.377067439,1.624846079,12.65830944,2.481293345,13.13663204,98808.00203,0.011710046,8710.730738,90550.40013,0.508210207,108.5209703,0,0.351378624,1.583917607,1.519149405,0.837229152,0.073121565,0.503536585,1.524630622,0.523651332,0,48552.60108,0.81799271,87.0782,0.738596384,0.913652807,531.7653968,0.15225261,-927.9675,162.1227004,0.193101475,0.522063814,47.84309739,1.624846079,162.9470644,284.3500975,0.247163362,0.360969379,30.24940607,0.080358234,-0.141324754,76.2052137,146.0028798,21.4679662,0.771404567,-0.015709835,0.639711667,0.965496985,0.554204656,35.28263032,2314.180517,98.77066613,3171.158019,112.8997231,0.901354321,1.216588445,3.879432595,2.23,8.893725114,0.745355995,1.016746988,0.720025772,2.286137664,13.82635371,8.935844617,0.121917688,0.155519678,0.96228692,0.825769623,4443.315111,0.861518093,2.039575847,108.8219753,0.555133495,64.2372,1.118298635,0.603810574,8.340141431,-0.042975115,0.263756257,2.018294726,0.538216219,3014.133291,1.532548281,1.732835972,0.471404523,0.023529412,0.108233654,66674.20752,-928.02,1.72991532,77.14780108
APP,0.478195957,2,0.856247176,0.399427801,1.612110775,7.611859583,0.368037121,13.59673807,101780.8281,0,3254.919294,94144.27546,0.523977128,87.36954368,0,0.418985213,1.954676971,1.593310558,0.871694016,0.022168047,0.114242424,1.571931384,0.472269659,0,51293.6476,0.772994179,57.0519,0.837970427,0.868488217,258.3316476,0.112581373,-932.64,177.0666209,0.213885978,0.464902419,0,1.612110775,164.5426273,-13.65045995,0.18535434,0.22753802,36.25295545,0.073054644,0.445335657,80.20970301,142.2195661,20.31671789,0.679953644,-0.019400387,0.676365171,0.926316579,0.406439317,36.19438806,1611.289177,99.64931614,2483.579316,105.7133831,0.035843578,-1.475461373,2.845075216,2.5,4.511829887,0,0.856470588,0,0.04,8.57,7.708991312,0.143006196,0.155954681,0.941068402,0.803316733,3947.359025,0.862150992,1.842453703,66.5,0.242620826,57.1738,1.12715687,0.633570568,7.510745635,-0.038270211,0.229961387,1.599842174,0.498268433,9889.081447,2.6896,1.634531626,0,-0.027777778,0.068611592,66833.9946,-907.43,1.072334835,68.7344783
APP,0.507142383,2,0.879854628,0.386457185,1.628396697,8.382346911,0.488613333,14.91977844,102534.3839,0,5915.650697,87840.33786,0.544328057,92.08464328,0,0.35531829,1.929451483,1.559271892,0.81660622,0.011757154,0.780333333,1.632984172,0.33725808,0,48071.80561,0,57.0519,0.710636581,0.857781953,219.2418,-0.009289247,-924.3675,208.9994228,0.199737969,0.53645,0,1.628396697,181.1100843,8.041802869,0.143367249,0.240438991,40.58365255,0.053422602,-0.063545867,89.68041396,164.6659434,23.1300556,0,-0.01433681,0.695012153,0.906249795,0.739468329,35.81036303,2822.393935,92.02901964,1725.872641,109.1107,0.035262191,-0.468222437,5.176278304,1.86,1.85133575,0,0.92,0,0.06,8.57,6.981650449,0.087625446,0.193149439,0.622346128,0.800698226,3902.659536,0.93961788,2.094019065,66.5,0.552165538,104.8024,0.891799239,0.647958967,11.53972667,1.680843295,0.299058053,1.170479682,0.308269696,6452.982924,1.931117305,1.634990441,0,0.03030303,0.13740247,64743.21032,-908.46,1.167638146,75.17344592
APP,0.434879136,2,0.875526386,0.308025,1.4319,7.105180534,7.634124,10.76,96427.85131,0,7213.493934,86833.163,0.481,94.23013492,4.464135,0.402502665,1.129413924,1.4319,0.841792654,0.017195934,0.3784,1.443,0.564098994,17.87,48237.28726,0.839140038,97.1167,0.875532875,0.853913376,241.9762734,0.321185897,-904.23,150.7386764,0.210101768,0.562059873,0,1.4319,138.2167233,11.62817809,0.276204357,0.167516586,31.33297598,0.088611884,-0.1745885,68.48154079,133.3106904,10.4486,0.768676936,0.939678063,0.669018236,1.004212034,0.90645133,36.67828707,2282.704461,99.44522963,2052.29247,117.431623,0.663650007,0.44406744,6.345159313,2.01,8.309029461,0,1.059615385,0,0.459621617,0,7.996907658,0.08388849,0.151971788,0.459357972,0.71080198,2215.76539,0.783208165,1.737937881,0,0.600379023,32.2977,1.315718581,0.669018236,3.585031434,-0.001978237,0.361763313,1.636189965,1.116622906,3012.214033,1.587954848,1.481186592,0,0,0.118326553,64343.77581,-909.06,1.041034483,75.67125467
APP,0.434879136,2,0.833851847,0.308025,0,7.105180534,7.901944,0,95005.0836,0,7380.598303,89991.76325,0.481,94.23013492,4.464135,0.40324223,1.141538284,0,0.850149899,0.017195934,0.3648,1.443,0.567788994,77.31,48354.91565,0.843971623,97.1167,0.875386898,0.822756351,286.4608977,0.321185897,-905.23,147.7506341,0.210101768,0.562059873,0,0,136.1054702,12.55693475,0.276204357,0.167516586,30.85274441,0.088611884,-0.192351993,68.48154079,133.3106904,0,0.803181557,0.939678063,0.643396406,1.006119618,0.798806148,36.67828707,2282.704461,99.44522963,2052.29247,117.431623,0.663650007,0.444397858,5.591643037,2.01,8.278491807,0,1.059615385,0,0.459621617,0,8.60327058,0,0.15024254,0.632323337,0.700937272,2331.04414,0.783208165,1.72656322,0,0.600379023,32.2977,1.367594744,0.643396406,3.585031434,0,0.361763313,1.650793455,1.116622906,3012.704465,1.558849637,1.464473179,0,0,0.118326553,64771.77172,-909.06,1.041034483,75.67125467
APP,0.434879136,2,0.833851847,0.334686414,1.4319,7.105180534,7.8112,10.76,96427.85131,0,7050.895009,87658.00336,0.479152143,94.23013492,4.464135,0.394942101,1.144564868,1.4319,0.849897569,0.017195934,0.3968,1.437456429,0.56618096,77.31,48249.21287,0.855636297,97.1167,0.855204587,0.822756351,286.4608977,0.300915385,-905.23,147.7506341,0.210101768,0.562059873,0,1.4319,136.1054702,11.47551669,0.276204357,0.167516586,31.44337901,0.088611884,-0.096426995,68.48154079,133.3106904,10.4486,0.768676936,0.930579795,0.643396406,0.955146104,0.908178509,36.67828707,2282.704461,100.6610192,1962.335036,117.5403057,0.063108974,0.446096992,6.357249561,2.01,8.286161457,0,0.908846154,0,0.498791749,0,8.60327058,0.08388849,0.150743337,0.626704335,0.71080198,2223.74697,0.785938202,1.740561384,0,0.600379023,32.2977,1.209487495,0.643396406,3.585031434,-0.001978237,0.361763313,1.650793455,1.116622906,3027.293004,1.5297318,1.481186592,0,0,0.074527103,64096.06823,-906.42,1.041034483,74.6619962
APP,0.434879136,2,0.848710032,0.334686414,1.677,7.105180534,7.833984,10.76,96427.85131,0,7556.619602,89991.76325,0.481,94.23013492,4.464135,0.40324223,1.064056341,1.677,0.850419557,0.017195934,0.3848,1.443,0.567788994,77.31,48322.22701,0.843971623,97.1167,0.875386898,0.822756351,286.4608977,0.321185897,-905.23,147.7506341,0.210101768,0.562059873,0,1.677,136.1054702,8.882736347,0.232154469,0.167516586,31.31691108,0.065200373,-0.124170148,68.48154079,133.3106904,10.4486,0.824286231,0.950877676,0.669018236,1.028541241,0.90832484,36.70632742,2282.704461,101.6335131,2052.29247,117.431623,0.660805702,0.446096992,6.358273878,2.01,8.019985754,0,0.973846154,0,0.459621617,0,8.60327058,0.08388849,0.154472051,0.459357972,0.71080198,2215.76539,0.7932895,1.762097848,0,0.597887627,32.2977,1.234460553,0.669018236,3.585031434,-0.001978237,0.301992293,1.650793455,0.654827491,3021.030304,1.546963061,1.481186592,0,0,0.118326553,64681.20669,-909.06,1.041034483,76.53054223
APP,0.395217447,0,0.822490874,0.413080927,1.659364068,16.22222222,0.040421429,16.071,100663.398,0,0,0,0.54830836,99.83886168,0,0,2.028662323,1.632262852,1.118430883,0,2.595,1.644925079,0,19.75,49115.8516,0,0,0,0.616039627,0,0,-904.1325,177.3184067,0.141181742,0,0,1.659364068,144.3319963,-4.656250782,0,0.298746875,39.96043441,0,0.545944267,79.49737703,139.569112,11.06029579,0,-0.007132645,0.75,1,0.20022193,35.98949267,1708.729746,105,0,0,0.074505004,-0.065801948,1.401553511,2.12,-0.321829592,0,0.217777778,0,0,0,0,0.149646242,0.166291274,0.379600087,0.838460965,4132.453275,1,1.635950898,0,0,55.3232,0.92257791,0.573112039,11.91265923,-0.039071358,0,0,0.250687874,7533.971052,0,1.689704728,0,0.090909091,0.115431291,67288.66986,-912.025,2.515833333,63.5106097
APP,0.466587892,0,0.737213794,0.404312474,1.643376753,16.22222222,0.040421429,15.42166667,100663.398,0,0,0,0.534560986,99.83886168,0,0,2.156478121,1.622699769,1.118430883,0,3.9075,1.603682958,0,19.75,49740.68796,0,0,0,0.590308999,0,0,-904.1325,177.3184067,0.141181742,0,0,1.643376753,144.3319963,-6.538655738,0,0.298746875,43.26399367,0,0.272708333,83.08741791,144.6998554,23.1121712,0,-0.007132645,0.732452455,1,0.200713356,36.00088,2238.263998,105,0,0,0.074505004,-0.057015167,1.404993493,2.12,-0.321829592,0,0.217777778,0,0,0,0,0.133446518,0.174170917,0.379600087,0.838460965,4132.453275,1,1.702933782,0,0,55.3232,0.948525171,0.544169094,14.40886533,1.247983592,0,0,0.250687874,8409.591338,0,1.689704728,0,0.090909091,0.115431291,67718.18706,-912.025,2.515833333,63.5106097
nonAPP,0.481058491,1,0.855060071,0.414726964,1.652617176,20.78421578,2.138830667,9.74,102815.9086,1.831105588,11300.48574,93812.41166,0.533785277,116.3308604,0,0.367955765,1.713354836,1.58809767,0.847830355,0.041258496,-0.4032,1.601355832,0.64002266,59.44,53544.15467,0.811209936,87.0782,0.763995598,0.916227426,0,-0.0106,-957.38,158.2881117,0.269191419,0.567305286,100.5641039,1.652617176,157.8459776,7.606277599,0.089529229,0.22594634,29.00668769,0.026955419,-0.12577162,69.0848477,143.6537302,10.71318827,1.187927718,0.4056183,0.727682187,1.023891304,0.381426959,37.06650743,2755.506626,119.1979087,2740.255457,99.41774298,0.053570336,-0.044088611,2.669988716,2.09,8.86920995,0.816496593,0.542692308,0,-0.076517247,15.1460118,0,0.139543434,0.210985866,0.620784237,0.80192105,2659.491052,0.868457278,2.067139809,119.2085026,0.590258481,57.1738,1.165718662,0.645091668,7.197561037,-0.051061393,0.138632575,0,1.066851015,10857.70482,1.109153973,1.712571584,0.707106781,-0.071428571,0.147535707,72344.47853,-968.6775,3.319525049,78.84225868
nonAPP,0,0,0.801879687,0,0,22.16666667,1.14663,0,0,0,10077.06444,94860.60267,0,77.74334963,9.52701,0.402637463,0,0,0.922859935,1.274154778,-0.004,0,0.372607295,19.75,55301.4151,1.040916522,105.85645,0.818036742,1,0,-0.020755556,-963.12,116.1,0.516078542,0.900499,0,0,59.44,3.680039314,0.12195,0.352213889,28.4091399,0,-0.104266667,49.69602879,122.35,0,1.129977941,1.223644785,0.719586776,1.314782609,0.203811874,0,0,174.7598652,3222.578232,121.6962432,1.385945571,2.48645,1.426683118,1.64,8.166152211,0,2.586666667,0.0488748,0.06009245,0,0,0,0.298456791,0,0,0,0.955727561,2.102437939,0,0.248997992,36.8064,1.91,0.719586776,0,0,0.75448,0,0.379262209,1745.809983,1.452424773,0,0,0,0.579380164,72489.50904,-965.8025,2.051111111,91.80948082
nonAPP,0.428826479,0,1,0,0,73,0,0,127483.3113,0,0,0,0,0,1.065966667,0,0.497421117,0,1.054161939,0,0.92,0,0,59.44,10786.88492,0.968,0,0,1,249.6345976,0.204933333,-1011.23,164.8786496,0.579380164,0,0,0,127.9821691,4.772876418,0,0.464385619,23.75955655,0,-0.052222222,74.55050637,149.77,0,0,0,1,1.419444444,0,0,0,0,8395.128533,97.2822,0,0,0,2.26,7.665383333,0,0,0,-0.46,0,33.48354022,0,0.448153066,0,0.9144,0,0,2.207714811,0,0,33.2242,0,1,0,0,0,1.7956075,0,4004.419791,0,1.8288,0.707106781,0,0,78188.5789,-978.01,6.038,0
nonAPP,0.343881195,1,0.805421326,0.421719403,1.770068709,27.16168307,0.815372501,10.18386561,96630.52849,0.028837464,5621.651539,84416.40614,0.547506747,141.7459593,3.780288312,0.465766942,2.028672709,1.678086147,0.879148811,0.011213859,0.384328358,1.642520241,0.320277125,0,49268.35048,0.951828808,97.1167,0.963352055,0.837411042,150.2814,0.296639216,-917.575,155.5886231,0.218566569,0,60.17511403,1.770068709,160.3250441,32.90974766,0.13748278,0.484450055,27.16601668,0.106821815,0.615671708,66.27012182,129.0637397,19.99738797,1.008166708,0.810999908,0.574588162,0.898631286,0.264993043,36.23868826,2069.559945,103.8231922,948.5842555,118.7483846,0.433420348,2.154751296,1.8549513,2.52,-0.269946331,0.534522496,0.530441176,0,0,11.84413444,6.089073836,0.059227956,0.189643931,1.238808366,0.845860514,2684.891101,0.767675568,2.113814038,92.82933857,0.474282163,38.9448,1.371933718,0.545184135,6.145624597,-0.027790245,0.19968307,1.77041071,1.083704178,4122.038811,2.044272857,1.777546084,0.5,0.042857143,0.047373005,66712.69535,-927.81,3.81415844,71.9963153
nonAPP,0.369614097,1,0.73811607,0.431982298,1.830573798,22.39276617,0.546376078,10.76,104944.0883,1.31746719,5854.540039,92957.70556,0.588235013,115.4079287,5.702161641,0.389692426,1.234099405,1.777185046,0.86169691,0.239132343,-0.276078431,1.764705038,0.516601527,17.87,49647.82769,0.922862747,87.0782,0.817879961,0.83852828,317.1444701,0.090937821,-964.45,144.7018274,0.236615933,0.587160893,71.04497714,1.830573798,134.1055488,-9.474430831,0.178920438,0.447169385,25.78030309,0.056642528,0.63795767,77.62425807,142.4340277,10.51488252,1.082731245,0.836935647,0.608712242,1.193588645,0.224025943,35.65393081,2609.184327,96.21782427,1756.144436,110.5884976,0.576689684,1.054024569,1.568181603,2.91,9.774831658,0.577350278,1.256730769,0,-0.154500648,10.70984765,7.821768596,0.086529797,0.168917547,0.835085967,0.870505969,4513.871581,0.865822662,2.024090068,84.29314056,0.507960353,34.2678,0.82048766,0.576849502,6.094139601,-0.004447083,0.223692359,1.956475355,1.782519147,3014.345683,2.038054407,1.787585567,0.377964481,-0.018518519,0.14277652,71937.15812,-962.1625,2.893610062,74.8317445
nonAPP,0.49568292,1,0.839459976,0.434305709,1.643878366,13.7718558,0.417279,15.14759081,102109.3489,0.277806953,6095.020604,90423.3745,0.534670262,137.0523552,0,0.368,1.883684998,1.596336978,0.865825202,0.024049249,0.7912,1.604010786,0.321512433,0,54265.00027,0.9025,87.0782,0.736,0.885070401,0,0,-928.81,164.7981434,0.234936156,0,100.457106,1.643878366,162.2699652,-11.56326629,0.094371664,0.184590349,32.96133836,0.042883156,-0.245425789,80.44879349,148.3219889,22.24635451,1.19,-0.041592871,0.716965553,0.943868212,0.388532844,35.1437258,2735.505954,92.63099928,0,0,0.892421081,0.628868816,2.719729906,2.53,5.020366532,0,0.989615385,0,0,9.895783761,0,0.136562265,0.172739512,0.71431729,0.825446431,3919.445902,0.928291083,1.955549006,76.78758695,0.587661016,58.2452,0.783649582,0.613814506,6.8040026,-0.02331532,0.146224742,0,1.761887057,11588.65662,1.969019481,1.726497663,0.705,0.035714286,0.142177389,69022.05182,-926.9925,2.493135493,69.68565314
nonAPP,0.499973769,1,0.939927314,0.375573379,1.601483746,8.382346911,2.349251609,16.79678461,102889.7672,0,12481.06715,104855.919,0.49910905,91.20612142,0,0.454825745,1.922354729,1.554272517,0.834074013,0.127003481,-1.024,1.497327151,0.728185968,0,49337.59647,0.681716217,87.0782,0.90965149,0.925,0,-0.0033,-964.7925,148.5229356,0.151575693,0.531905427,0,1.601483746,149.0862334,14.41245929,0.105840623,0.240438991,34.78073444,0,-0.076839474,69.83366927,142.4772104,20.10202368,0.835480021,-0.030476114,0.72112049,1.394976679,0.584907757,36.41686667,2484.780611,125.8360484,2848.722338,110.6152706,0.806511553,0.631865163,4.094354301,1.78,9.470389376,0,0.823225806,0.072847823,1.018130627,0,0,0.147123087,0.205530182,0.520520141,0.767215344,3393.698308,1.006129427,2.090248974,0,0.236891636,64.6676,0.90991273,0.702359766,9.793514107,-0.023692675,0.158953599,0,0.288735302,14216.05329,1.094003589,1.587511213,0,0.03030303,0.182761337,70901.84841,-965.99,1.167638146,81.23216565
nonAPP,0.45368595,1,0.907019018,0.445013585,1.663202073,18.89411765,0.04135,10.3573752,98868.74618,0,0,0,0.560581127,119.6526369,0,0,2.113217124,1.654124327,0.935216581,0,-1.684444444,1.681743382,0,0,49593.78857,0,64.558475,0,1,0,0,-913.2,227.8,0.244361222,0,0,1.663202073,179.16,-17.41421877,0.045,0.284649209,37.69952649,0.029737616,0.596429661,86.48484082,143.7020409,11.84489402,0,-0.055169444,0.818007335,0.86440678,0.610521209,35.78043986,1548.23094,90.67256369,0,0,0.090284685,0.491637592,4.273648464,2.53,-0.431229167,0.707106781,0.615,0,0,13.11683079,0,0.139317192,0.224802606,0.511503727,0.863711914,4464.181975,0.87047619,2.092221559,103.2375901,0.642408139,34.3252,0.989177147,0.760739973,7.640881389,0.874050245,0.072,0,0.901566511,5328.525717,0,1.780908033,0,0,0.105728939,63781.33778,-913.2525,2.322307692,57.56736131
nonAPP,0.466587892,1,0.894885518,0.421073981,1.5621,16.22222222,0.6895125,9.74,96916.5051,0,9935.953517,106482.2377,0.5461,99.83886168,0,0.369887575,1.652061178,1.5621,0.824990951,0.03631452,1.915,1.6383,0.532094125,17.87,54205.29503,0.5776,85.57785,0.765086967,0.939794001,0,0.028462963,-969.2,167.9774637,0.409691001,0.6679,0,1.5621,161.9923716,-37.29835161,0.31609845,0.298746875,33.97185377,0.126290016,-0.078089626,66.68568233,143.8052414,10.43736444,1.2,1.435489878,0.860528527,1.081665608,0.177799635,0,3297.181694,102.2615301,2358.150911,125.3244,0.920564624,0,1.244597443,1.81,8.935306415,0,1.974444444,0.0488748,0.04,0,0,0.149646242,0.237672865,0,0.79335,0,0.961337892,2.041723456,0,0.655143203,32.7156,1.206337432,0.796490491,4.249711755,-0.030948914,0.547493768,0,0.916448995,1778.780961,1.7024,1.5867,0,0,0.349133127,69377.08274,-946.035,2.515833333,84.88758491
nonAPP,0.256760464,0,0.617864756,0,1.5738,0,0.169482468,9.676333887,71790.1832,0,7582.612915,102637.994,0.5246,0,0,0.45125,1.502180073,1.5738,0.95,0.778100835,-0.564545455,1.5738,0.318027972,39.5,50894.5106,0.9025,87.0782,0.9025,0.647808029,0,0.26954058,-959.5,166.7,0,0,0,1.5738,149.77,4.79347495,0,0,38.03919655,0,-0.124008278,65.08056085,131.4642943,18.31560398,1,1.037023773,0.446733502,1.304347826,0.148984662,39.87884646,0,142.0341153,1684.423042,119.1960333,1.496567487,3.087771738,1.042892636,1.64,7.896342462,0,1.291304348,0.077195597,0.172163806,0,0,0.068079721,0.194995879,0.641355174,0.7442,3015.6422,0.833932085,1.867848077,0,0,36.8064,1.81728919,0.424191524,4.321307705,-0.013030611,0,0,0,6836.882721,1.7689,1.4884,0,0,0.212746054,67569.64919,-959.5,0,87.70471148
nonAPP,0,1,0.758039271,0.416025,1.677,0,0.081225,10.76,97283.76681,0,0,0,0.559,0,0,0,1.479679701,1.677,0.95,0,-0.4475,1.677,0,19.75,49549.08172,0,92.09745,0,0.871049064,0,0,-908.445,0,0,0,0,1.677,0,-7.529335286,0,0,43.54418947,0,0.73288035,63.78395314,120.8976721,10.891286,0,0.519635573,0.718546354,1,0.028671429,36.70470478,1608.646872,110.0682246,0,0,0.982012183,0.480200096,0.2007,1.48,-0.175133333,0,0.148,0,0,0,0,0.145971982,0.207278055,0.65645717,0.83854,3445.10975,0.873431953,2.002665061,0,0,38.7504,1.552425522,0.718546354,5.98,-0.045625,0,0,0,9584.882122,0,1.677129999,0,0,0.181188148,63335.03899,-897.67,0,74.89615715
nonAPP,0.353294374,1,0.849914551,0.409575,1.663898437,15.33333333,3.298209091,10.76,103053.7853,0,0,91727.28498,0.481,103.9114391,0,0.296,1.27338022,1.664020313,0.916044553,0.799666659,-1.431818182,1.443,0.638110862,132.16,48187.94434,0.708937458,87.0782,0.592,1,141.7083,-0.023997222,-942.7,175.5950579,0.240644817,0,0,1.663898437,162.8076281,52.82690902,0.079735869,0.178924094,31.16626739,0.039792364,-0.135980351,79.58581053,147.1503278,10.71586166,0.621794575,0.524086997,0.965872263,0.810167829,0.632547814,35.8203198,2292.344567,93.91449735,1744.003815,109.1107,0.10072706,-1.417331031,4.427834695,2.37,9.064997488,0,0.9,0,0.06,0,13.06967348,0.118482396,0.165549848,0.3808,0.710413008,2228.531063,0.949732438,1.896402579,0,0.237486842,32.9348,0.931873859,0.918863226,8.112149446,-0.015625,0.118646027,1.5015,0.904302771,3693.034716,0,1.420869376,0,0.071428571,0.179130391,67275.84497,-948.025,2.671952381,75.23447312
nonAPP,0.23449045,1,0.918301699,0.432159614,1.670041494,28.78888889,1.974922462,10.76,99361.68065,1.671616643,18619.00167,87225.59384,0.54873099,121.1193036,0,0.486929509,1.120135071,1.60698937,0.935266926,0.401730157,-0.596538462,1.64619297,0.412788099,19.75,53886.15683,1.148410042,114.1038,0.975922364,0.970283629,276.63568,-0.087644444,-956.9625,172.1882001,0.246625469,0.466002687,89.28750699,1.670041494,162.376371,18.02514419,0.201186258,0.464385619,24.02133317,0.026894965,-0.166921997,81.9449746,153.9561158,10.36544435,1.086029377,0.80214209,0.775692642,1.028372189,0.542541274,38.6856,2776.575162,132.2808188,3250.666698,101.1699717,0.650510263,-1.357534604,3.79778892,1.89,8.815017411,0.5,1.302592593,0,2.348055612,21.57159765,8.419514196,0.082225021,0.18888498,0.474204856,0.822676191,3474.939702,0.988481267,2.132026867,168.2401557,0.587486842,15.1796,0.842278655,0.775692642,7.021668947,-0.00571338,0.326808464,1.635104724,0.651624506,11417.28432,1.344,1.661115082,0.997020561,0.034482759,0.206598794,69948.53055,-962.91,3.12717154,85.88132537
nonAPP,0.341288941,1,0.796453036,0,0,39.62857143,0.653333333,17.03431217,107169.9969,0,0,94987.57796,0,130.0378666,0,0.73205,0.947409885,0,1.21,0,-1.925,0,0.304785808,0,48356.16906,0,48.55835,1.4641,1,205.9247642,0,-936.5675,162.6379394,0.355245321,0,0,0,167.2252028,1.154897143,0,0.375,31.47655443,0,-0.023383333,88.2413725,171.9410357,10.96235,0,-0.008746811,0.833333333,1.05,1.095885714,0,0,115,0,0,0.132093714,0.50175,7.6712,2.4,7.178495876,0.707106781,-0.244,0,0,13.11683079,10.73530095,0.133446518,0.256675126,0,0.8856,0,0.69,2.082558854,103.2375901,0,63.1612,1.200124993,0.75,0,0.949058248,0,1.46002328,0.89396809,10035.75707,0,1.7712,0,0.142857143,0,66597.86168,-946.625,3.77375,81.70932772
nonAPP,0,0,0.75,0.416025,1.677,22.16666667,0.588,0,100472.9964,0,0,0,0.559,78.04331963,0,0,1.446183109,1.677,1.21,0,1.01,1.677,0,59.44,49939.88063,0,28.77215,0,0.898226518,221.4914364,0,-917.67,129.7829394,0.210758096,0,0,1.677,106.7097582,-2.602744802,0.045,0.352213889,29.77145705,0,0.597844444,71.61344342,126.0551971,0,1.1025,-0.018737245,0.719586776,1.05,0.233974529,35.90074119,1608.646872,133,0,0,0.0925101,0.979349951,1.6378217,2.11,4.218018445,0,0.606666667,0,0,0,16.08808618,0,0.172635047,0.647756269,0.845,3745.449315,1.35,1.822195261,0,0,35.0439,1.095365236,0.719586776,9.493176497,0,0.072,2.03410181,0.278061311,9561.321038,0,1.69,0,0,0.158760329,69235.39008,-936.83,2.051111111,88.10942143
nonAPP,0.356725661,2,0.833439202,0.42758132,1.710578389,11.49865354,0.416312133,10.29452774,101725.2392,0,6360.495845,89187.82095,0.551643149,112.7459586,3.209200012,0.458686993,1.525962298,1.659156899,0.903230463,0.168362371,0.121558442,1.654929446,0.475363817,17.87,48987.0395,0.923008036,97.1167,0.961151517,0.8789863,465.5701139,-0.016438889,-932.64,159.4842043,0.201334672,0.6679,0,1.710578389,141.0351116,-9.844512309,0.255434384,0.352213889,31.34674103,0.074904368,0.500567701,71.06227396,132.7083919,18.8890915,0.869164819,0.95604703,0.605839055,0.954574566,0.251136635,36.01122929,2292.159631,96.37565938,3443.645743,106.8586112,0.962012914,1.046628821,1.757956444,2.13,9.699818008,0,1.327692308,0,5.299286305,0,8.399829472,0.139817526,0.163942215,1.307647508,0.833894325,3897.65765,0.81503426,1.956101637,0,0.627900737,58.1478,1.089612271,0.562003606,4.565469582,-0.028976632,0.410088434,2.029174221,0.537013955,2843.63981,1.998059066,1.691144581,0,-0.025,0.136173515,68072.04666,-930.1775,1.636798311,75.65238878
nonAPP,0.245057707,1,1,0.436227596,2.0736,33.41065831,2.685506667,10.76,0,0,9222.835572,0,0.5328,130.2477092,6.819790346,0,0.804698381,2.0736,0.914012634,0.752171804,-0.37,1.5984,0,19.75,51792.32989,0.712563331,97.1167,0,0.907019018,150.7284,-0.114593939,-901.8675,170.2555636,0.278942946,0.395,0,2.0736,126.7600771,2.716472845,0.045,0.27336831,27.11907779,0,-0.114489468,63.58995402,132.5228011,11.12115549,0,0.942591703,0.798230986,0.860869565,0.327066331,41.9904,2786.751077,127.8904984,2426.901125,106.2742,0.110045166,0,2.289464314,2.26,8.675506377,0.707106781,0.383636364,0,-0.69,13.11683079,7.845887129,0.14879551,0.250375759,0.3519,0,3045.251347,0.888298345,2.427813834,103.2375901,0.641992685,19.2556,1.83640954,0.798230986,5.134604897,-0.077361111,0.072,1.682744136,1.121808046,6888.407431,1.489455131,0,0,0,0.248564412,66713.42718,-926.07,4.571628571,82.67411477
nonAPP,0.395217447,1,0.886429334,0.405671026,1.660094606,12.92374728,1.444954,9.676333887,92535.73846,0,9309.500834,97647.30663,0.558447049,90.68311143,0,0.548953457,1.870633312,1.588543104,0.91959853,0.42968941,-0.561923077,1.675341146,0.478164927,39.28,49071.96059,0.8464,97.1167,1.134977801,0.920100943,144.5745,0,-928.125,160.3899324,0.195593205,0,0,1.660094606,129.1929976,-11.63669353,0.123602395,0.332192809,30.16483631,0.051104519,0.725294406,73.61203206,135.6654813,11.18675851,0.714,0.792968834,0.739099054,0.78617307,0.299641168,35.48704605,1972.033245,103.6877491,0,0,0.914246758,-0.929461227,2.097488178,2.57,1.921575221,0,0.716296296,0,0,8.57,6.796405747,0.065058903,0.162169968,0.945351165,0.823797719,4482.509332,0.866434255,1.855834803,66.5,0.237486842,31.979,1.368672715,0.709558856,7.813006367,-0.011782703,0.185822292,1.371173513,0.906188994,11144.89243,1.722,1.721514384,0,0.034482759,0.114293393,65765.94503,-927.81,1.654052632,79.64580242
nonAPP,0.239643017,1,0.8253437,0.420880647,1.650321518,6.472527473,0.460862333,9.74,103277.3487,0,7982.265933,71675.6362,0.553315738,76.07342246,4.763505,0.4232,1.641800714,1.632871841,0.958952427,0,0.7068,1.659947213,0.14186997,59.44,48846.95814,1.05811489,67.0681,0.8464,0.885070401,372.795054,-0.068858974,-917.67,153.240107,0.205898283,0.463912177,0,1.650321518,148.0977922,-3.620099935,0.292737224,0.095983597,33.69780825,0.065002606,0.59868755,71.40500717,132.3001031,9.965575852,0.68,-0.072633417,0.697410902,1.147775748,0.231881686,36.02735509,2069.349602,93.34363309,2285.962319,110.0030575,1.095515477,-1.192212233,1.623171804,2.09,8.93371283,0,0.776923077,0.489571973,-0.100793684,0,14.98432993,0.08388849,0.134632896,0.932872491,0.830933895,3970.599026,0.948638497,1.696573671,0,0.240258481,33.2242,1.165808528,0.662951057,8.115438084,-0.002383787,0.308827345,2.03786654,1.76,8825.484776,1.427456318,1.663650593,0,0,0.118326553,67305.60465,-917.19,0.966194581,81.4809785
nonAPP,0.350821973,0,0.857277265,0.409091493,1.683706716,9.820721526,0.188425668,10.24217416,97879.9236,0,8028.320695,89547.98094,0.548372251,96.17288378,0,0.368,1.60099235,1.656445407,0.95262421,0.002323285,0.047352941,1.645116754,0.320149892,59.44,45949.81645,0.793123244,57.0519,0.736,0.895174844,270.1718057,0.131993333,-927.9675,172.6766807,0.177622661,0,0,1.683706716,171.2000929,-8.337832451,0.1423612,0.341887107,32.13395374,0.055896077,0.617171816,83.6724325,157.0841872,18.60635932,0,-0.06339614,0.719107098,0.949287489,0.391795863,35.39228888,3001.631989,103.5119469,1148.41908,115.3183062,0.570165386,-0.836669282,2.742571041,2.01,-0.460178611,0,0.784857143,0,0.09,7.665241084,7.574663006,0.108236597,0.133293236,0.580367646,0.84177363,3933.382131,0.88499985,1.816763006,59.47940864,0.238415824,16.5646,0.888804924,0.640086304,3.204472393,-0.050150126,0.240849672,1.778318431,0.613080149,16382.50024,1.788084003,1.72214577,0,0,0.112563277,65125.93074,-927.81,1.722153864,73.51584221
nonAPP,0.395217447,1,1,0.39345,1.673860944,16.22222222,2.0544125,7.59,86594.69052,0,0,0,0.6192,99.45060168,0,0,1.577816593,1.678348345,0.810278161,0,1.595,1.8576,0,19.93,41989.54492,0,28.52595,0,0.939794001,374.0575187,0.192562963,-869.6125,191.5437633,0.348225373,0.543710245,0,1.673860944,170.963794,29.96946609,0.28914845,0.298746875,31.13077961,0.033098263,-0.168635177,94.62645219,156.1639194,8.20039,0,-0.03454932,0.907019018,0.86592,0.282279587,35.90955744,0,105.9109406,996.673939,122.2694667,0.09492905,-0.759385204,1.975957112,1.67,6.143734203,0,0.605555556,0,0,0,11.69547449,0.129879181,0.131891313,0.424919518,0.696687558,3484.310421,1.011914894,1.740525396,0,0.649094169,35.1633,0.917244515,0.907019018,3.585031381,-0.01058642,0.424373768,1.806814338,0.94780175,20162.47237,0,1.393916854,0,0,0.115431291,57316.58492,-864.295,2.515833333,80.21057127
nonAPP,0.306918668,1,0.905242757,0.41275,1.67946534,27.34620394,0.428062667,9.991098124,109254.2317,0.226719181,7690.984073,78686.84247,0.571229628,141.6019428,0,0.3496,1.251839035,1.669918175,0.878999728,0.531386682,1.1864,1.713688883,0.227001011,19.75,52253.21268,0.847036509,114.1038,0.6992,0.968842975,212.5299941,-0.011075641,-965.99,158.7625182,0.284264163,0.613693732,90.76102823,1.67946534,162.0037143,-40.10605232,0.358606171,0.470279688,25.37721214,0.043990804,-0.135459641,73.6018128,146.5440388,10.72056386,0.929145596,1.132767947,0.779818065,0.917666505,0.29353258,35.74069982,2148.913651,107.9123614,1738.451238,109.1107,0.662763298,-0.365940114,2.054728058,1.42,9.378684811,0.577350278,1.916153846,0.7318098,0.06,10.70984765,7.444482122,0.065807213,0.188440375,0.754002111,0.862379972,3484.049237,0.922933438,2.140441289,84.29314056,0.595370937,17.9496,0.773567224,0.742587383,6.915940627,-0.027289091,0.515332244,1.791140901,1.134664009,7351.714771,1.526318646,1.761837989,0.5,-0.035714286,0.263576278,69070.78112,-931.3475,3.242579937,87.53744226
nonAPP,0.434879136,0,0.895992701,0.428034829,1.750212042,31.04424468,2.246116667,10.39187224,106760.1939,0.263550817,12646.197,98175.59297,0.541042488,162.189537,7.003180871,0.431882387,1.343108097,1.676583718,0.871693412,0.009595132,1.7668,1.623127463,0.472960233,0,52568.05842,0.846501537,87.0782,0.88326979,0.93768595,0,0.153915385,-959.08,165.3816705,0.284264163,0.493957283,100.5641039,1.750212042,156.2000418,15.60196003,0.063781375,0.470279688,24.65923675,0.003824833,-0.071836031,74.4600612,147.9880578,11.14844292,1.066034812,-0.070658513,0.773750886,1.074094537,0.314987258,35.82299852,3031.467197,117.8746238,2538.056864,118.5828234,0.045285666,0.49026152,2.204910804,1.79,9.280031238,0.816496593,1.065769231,0.72218838,-0.459558493,15.1460118,0,0.139543434,0.201486668,0.454873997,0.863809829,3930.36025,0.994083742,2.129781305,119.2085026,0.237661016,36.2404,0.756863044,0.696405025,7.588414528,-0.028484926,0.09560722,0,0.58764622,2495.374341,1.276098278,1.744054923,0.5,-0.035714286,0.185173148,72729.76663,-969.4825,3.701317502,75.97539604
nonAPP,0.475204242,0,0.903883703,0.419338457,1.777617725,17.39301461,1.387066782,14.07890246,99669.58598,0,10164.5076,92485.32547,0.552122089,95.47921973,0,0.441703839,1.536715526,1.722743033,0.880998349,0.033205986,-0.395666667,1.656366267,0.637960345,19.75,53081.86201,0.935823234,57.0519,0.930916167,0.9375,236.795888,0.072744086,-930.9325,161.9490259,0.190886801,0,0,1.777617725,163.5181501,-94.42946168,0.163689498,0.363230923,28.94336226,0.062072955,-0.142781606,80.57641345,147.6324165,11.46332015,0.844597884,-0.012584622,0.755658499,0.959237552,0.321495356,35.01762963,2512.445184,115.3411236,1881.709069,109.6897596,0.036910771,0.689818889,2.250467493,1.86,9.49563837,0,1.073548387,0.724575358,-0.066644437,8.57,7.904544898,0.046829191,0.163348772,0.547004239,0.798565504,4456.994185,0.950721876,2.005507787,66.5,0.549941155,33.9096,0.629311793,0.723805252,4.75452577,-0.037141738,0.329610267,1.95594778,0.468567395,3200.281524,1.234850334,1.672983969,0.705,-0.03030303,0.146481198,68847.80369,-962.91,1.930980949,76.12936902
nonAPP,0,1,0.833333333,0,0,0,0.783,10.76,0,0,0,93382.84223,0,0,10.69227,0.5566,0.650655391,0,1.036538923,0,-1.896,0,0.22019765,0,52344.11872,1.241238265,124.12,1.1132,0.898226518,0,1.596088889,-904.23,171.5451039,0.350945343,0,0,0,148.5966352,-4.50E+16,0.37305,0,42.31848601,0.598299413,0.570883333,93.34865797,154.7049902,10.7989574,0,0.872070679,0.859793388,0.973083475,0.123822454,38.8801296,0,170.7088693,906.1791128,126.4901333,1.351235625,0.993239661,0.866757175,1.96,7.090385849,0,0.911666667,0,0,0,0,0.142248278,0.194111814,0.3808,0,2232.73125,0.683365854,2.084245997,0,0.248997992,63.3764,1.097588265,0.789690082,0,-0.04,1.089584,0,0.907568069,4396.157069,0,0,0,0,0,62021.35852,-898.095,0,65.90308129
nonAPP,0.284417591,0,0.891585596,0.416025,1.6317,19.14972777,2.181739869,10.76,92659.9423,0,5884.264504,93091.56995,0.628057835,93.19264109,6.06978162,0.57475,1.207791935,1.670620838,0.923499156,0.068058803,0.505555556,1.884173505,0.303084618,0,48420.24756,0.874,115.0886,1.1495,0.930586536,219.3983285,0.287747368,-951.76,152.3954394,0.285635894,0,0,1.6317,152.3814432,-16.78533517,0.364341155,0.447169385,27.50625834,0.053506418,0.230400321,75.65024156,136.2777459,10.9766249,0,0.940529211,0.788447484,0.874278615,0.275265312,35.25678089,1466.196427,93.46965218,950.6441947,116.8915213,1.193540202,0.829171318,1.926857186,2.74,9.213186242,0,1.736842105,0,0,9.895783761,8.425263085,0.133990074,0.174201321,0.822362831,0.81585,4046.731228,0.981624981,1.967600873,76.78758695,0.239317211,19.2234,0.765918252,0.768061682,6.660105104,-0.04125434,0.297596597,2.023577883,1.113152297,4649.157944,1.312,1.6317,0.814063892,-0.047619048,0.222875323,66634.05958,-943.79,2.756772727,80.61277148
nonAPP,0.463350163,0,0.711880246,0.412275108,1.708475217,20.45938979,0.770250938,15.0529497,99650.76316,0.804081099,8616.187906,87896.53874,0.54453329,136.2317293,0,0.386215903,1.844509153,1.620094703,0.894905512,0,0.162978723,1.633599871,0.514358823,0,50209.36549,0.92755906,57.0519,0.785638921,0.791931809,267.369818,-0.026985614,-928.6125,167.976706,0.184218139,0.521560908,46.05441038,1.708475217,168.4436677,19.29230368,0.155664279,0.458865962,29.94710665,0.010040445,-0.197045924,78.34448393,152.0870204,20.49846384,0.668032566,-0.042042802,0.56876909,1.002005227,0.42173917,35.51896059,2814.99379,104.2222893,1667.730766,109.0668938,0.44701669,-1.706691357,2.952174192,2.74,-0.359241797,0.426401439,0.506736842,0,0.122892673,7.909746695,6.77914218,0.195685454,0.183567288,0.741081466,0.815761037,3895.307222,0.867296215,2.024793971,62.2546101,0.236297979,20.8656,1.016648087,0.487310989,10.07217536,-0.052511394,0.202294011,1.638117125,0.647077923,8413.802693,1.594925652,1.704828989,0.316227768,0.010309278,0.080934352,68729.97295,-928.81,3.16284936,77.28427378
nonAPP,0.216145051,0,0.875,0.438991791,1.790709695,44.43909774,0.045680769,9.74,102964.5633,0.515903108,0,0,0.595325937,117.2924299,0,0,1.775244795,1.733248051,1.118430883,0,-1.027692308,1.785977811,0,0,48721.1319,0,87.0782,0,0.931744527,249.2730222,0,-928.02,202.8258794,0.365885162,0,118.2296096,1.790709695,176.7455043,7.373416266,0.03645,0.530294238,22.43442233,0,-0.13610737,88.72981626,160.4146057,10.12824401,1,-0.034476923,0.706929835,1,0.076668908,35.9398,2726.551469,115.2103411,0,0,0.06362539,0.19054144,0.536682353,2.48,-0.090478282,0.707106781,0.8,0,0,13.11683079,8.413375488,0.111808447,0.190376587,0.485135688,0.876058394,3962.014269,1.20106383,2.130294131,103.2375901,0,17.6456,0.85932849,0.650802186,7.927611557,-0.015625,0.13832,1.362664381,0.494383119,19461.81508,0,1.806759427,0.577350278,0.1875,0.156626851,66206.94805,-927.81,6.690241959,78.97302388
nonAPP,0.30092949,1,0.909463683,0.414339348,1.68363184,11.2552885,0.315361846,15.30983874,98417.10916,1.671616643,0,103630.7313,0.583338664,88.688482,0,0.38,1.903908672,1.667788579,0.8887103,0.055919846,-0.041923077,1.750015993,0.471916179,0,52666.08635,0.988507334,114.1038,0.76,0.905242757,0,-0.037198765,-924.985,182.8923277,0.222095069,0.548148046,89.28750699,1.68363184,173.2189873,-21.98834099,0.165894716,0.332192809,32.37973174,0.019735216,-0.288820344,73.30778949,140.2039072,12.4027057,1.029282866,1.095195049,0.729805554,1.108332284,0.390923755,35.95475559,1687.987795,115.738206,2443.153913,116.0348311,1.088216895,-1.115619519,2.736466288,2.26,8.728511698,0.5,1.309259259,0.481996601,-0.689955189,9.275,0,0.149646242,0.195474228,0.886627978,0.84898562,2670.785413,0.970647726,2.016440037,73,0.24,58.9648,1.164061377,0.678111987,7.326074547,-0.03846307,0.171706568,0,1.057427751,11805.42795,0,1.710320761,0,0.034482759,0.233752276,67310.91071,-928.02,1.654052632,82.99035901
nonAPP,0.314786201,0,0.848135222,0.436915504,1.815570263,10.244227,0.599423485,10.42357261,103728.9718,0,11731.3661,98088.34358,0.570677183,100.8675216,6.664720647,0.375751978,1.663463157,1.778913135,0.860181982,0.073344199,-0.681515152,1.712031549,0.475306121,17.87,51250.30183,0.824192757,114.1038,0.779415246,0.933156907,232.2785427,-0.053054902,-959.5,154.8462288,0.218245615,0.974160289,0,1.815570263,154.1913875,-19.99729805,0.099693954,0.346967931,30.54258499,0,-0.13042585,71.34552329,131.5496904,10.14986299,1.247232375,1.40995655,0.692429147,1.262335444,0.327270403,36.56967847,2308.716476,121.4912457,1687.624553,120.111453,0.809583109,-1.090771838,2.290892818,1.82,9.083437454,0,1.497058824,0.049049533,-0.086534974,12.11981023,7.583719216,0.10726895,0.182654226,0.847081422,0.829235512,3915.356376,1.01051224,1.998014119,94.0452019,0.553656859,33.9096,1.037253987,0.65040645,6.70597122,-0.005496464,0.153791448,1.729437846,0.332860911,1672.593535,1.449661224,1.68226612,0.630571174,0,0.243987662,70451.01692,-953.6425,1.937511338,85.14337681
nonAPP,0.452087684,1,0.745400077,0.420640213,1.795631549,28.42600532,0.562425161,9.74,110585.5598,0.192128545,14620.19977,111918.6598,0.578876696,123.6747068,0,0.405390929,1.529647186,1.730652932,0.864168193,0,0.129032258,1.736630089,0.735100333,0,53869.15079,0.729021262,0,0.810781858,0.82507185,316.8418285,-0.043614583,-972.975,159.5366966,0.244705083,0.493957283,91.76524677,1.795631549,155.732943,-110.6900273,0.065053892,0.486693261,25.32158292,0,-0.185682223,79.67750249,147.2527951,9.862614794,1.331256779,-0.016605183,0.628625152,1.318213055,0.208292463,35.83408098,2554.151382,116.8965358,2530.891094,101.5505129,0.540955724,0.732996128,1.458047238,2.24,7.898599875,0.5,0.55125,0,-0.109696131,12.62816396,15.31331035,0.110252744,0.187015318,0.680986298,0.848584943,3893.241187,1.165869261,2.106513089,98.74841771,0.234581695,34.013,0.759476494,0.536229357,6.630283486,-0.004649268,0.097801207,1.92544188,1.063348324,14118.41273,1.2416,1.755046122,0.630571174,0.029411765,0.108758757,74600.70276,-980.96,4.063907834,79.02698016
