GV[3]_AM_U_z2,CHOQUET[D;-0.25;AO1;0.8]_B_scv,TS[2]_SIC_T_cch,TS[3]_HM_U_khh,GV[7]_P2_T_z3,AC[7]_P2_T_z3,TS[3]_GOWAWA[0.0;1;NONE;0.0;0.0;0;S-OWA;0.0;1.0]_T_pah,AC[3]_N3_U_hwhh,TS[4]_GOWAWA[0.2;2;S-OWA;0.6;0.0;2;S-OWA;0.8;0.1]_T_cch,TS[3]_Q1_T_eps,Class
-0.23097851330467362,0.24207703541277392,-0.22737668201395245,0.01195362221504703,-0.33073795450123755,-0.33073795450123755,1.1416528117529199,-0.2734154936195111,0.3424304245762786,0.10580552282220898,APP
-0.8261742878068323,0.7434080996288195,-0.5521833066608163,-0.3007771194440102,2.726443325748419,2.726443325748418,-0.5770451229627214,2.473544685397389,-0.9338709635296812,1.9880922525279634,APP
-0.2680646531564135,0.9513856389053285,-0.1356821576285604,0.35692527630917076,0.53672745763995,0.5367274576399494,-0.06400096334611266,-0.18312976441690998,0.4606328674005279,0.4217015803806143,APP
-0.1351303099722326,0.7299891057928413,-0.5942713636628485,0.7288749315554444,0.1891517442025835,0.18915174420258327,0.5259998202129881,-0.1628679941433851,0.3420152662107924,-1.2614484633173253,APP
-0.25370872805251415,1.1488171297602403,-0.3717534245911541,-0.003906828645359358,1.4876168623263464,1.487616862326346,-0.6796539548860433,-0.20175566286254853,0.44045327280980057,0.4217015803806143,APP
0.6642983151678363,0.2449573829653564,-0.30459125600217846,-0.3856670325917198,2.185831116185466,2.1858311161854664,0.03860786857721046,0.20431671142690636,0.6803926214805166,0.951220165260289,APP
-0.39576621169517145,0.4821331965733739,-0.8909038663885996,0.4134628935106462,0.9709497859013511,0.9709497859013512,-0.6796539548860433,0.825368577987249,-0.6136045257056169,0.8831541639079235,APP
-0.03030663510926164,1.1488171297602403,-0.3139685940210808,0.21828543667153116,1.359993216557339,1.3599932165573385,-0.06400096334611266,-0.20175566286254853,0.35742642414211795,0.6975434140662851,APP
0.2369793991120188,0.9611299795287076,0.008987335901076154,0.0012501568388686888,0.592984945875048,0.5929849458750474,-0.9874804506560086,-0.4167351551334364,2.1656206606188966,1.3117954442192195,APP
-0.23097851330467362,0.8111257822833949,-1.8232984088369146,0.3243828795353906,1.4208938662149009,1.4208938662149007,-0.9618282426751787,-0.2734154936195111,-1.4793371753233349,2.4786910468907735,APP
-0.23097851330467362,1.333939505955446,-0.7820585829219593,-0.356263926655618,1.8149626917889143,1.8149626917889143,-0.06400096334611266,-0.2734154936195111,-0.9388096036112795,1.1989629573620368,APP
-0.224432370827776,0.23700265112349603,-0.33039711831192875,-0.26139006649682517,0.5936802537809645,0.5936802537809636,-1.372263570368466,-0.2256422731148694,-0.5156220608193554,0.9285314981428312,APP
-0.23097851330467362,-3.434295993006127,-1.8232984088369146,0.3243828795353906,2.6776290320095324,2.6776290320095315,-1.8340033140234144,-0.2734154936195111,-1.4793371753233349,1.3117954442192195,APP
-0.14762889420391961,0.4553062734144285,-0.18743570044667995,0.2914889501279305,0.2959326275377159,0.2959326275377151,0.4490431962704972,-0.16592574748406722,-0.8157632161487588,-0.2697791820759629,APP
-0.23097851330467362,0.41629844195280363,-0.10061381923554628,-0.08835659454204131,1.8032506156558656,1.803250615655865,0.3464343643471752,-0.2734154936195111,-0.5507485401064901,1.307170446691433,APP
-0.23097851330467362,-3.434295993006127,-1.8232984088369146,-2.71957074178567,0.1096621029453881,0.10966210294538785,1.218609435695411,-0.2734154936195111,-1.4793371753233349,0.8831541639079235,APP
-0.23097851330467362,-3.434295993006127,-1.8232984088369146,-2.71957074178567,-1.4404149728098572,-1.4404149728098574,1.218609435695411,-0.2734154936195111,-1.4793371753233349,0.8831541639079235,APP
-0.23097851330467362,0.9218993656043518,-1.8232984088369146,-2.71957074178567,1.1926031655885079,1.1926031655885072,1.3981748915612249,-0.2734154936195111,-1.4793371753233349,0.8569749326185527,APP
-0.23097851330467362,-3.434295993006127,-1.8232984088369146,-2.71957074178567,-1.4404149728098572,-1.4404149728098574,1.218609435695411,-0.2734154936195111,-1.4793371753233349,0.8831541639079235,APP
-0.23097851330467362,-3.434295993006127,-1.8232984088369146,-2.71957074178567,-1.4404149728098572,-1.4404149728098574,1.218609435695411,-0.2734154936195111,-1.4793371753233349,0.8831541639079235,APP
-0.23097851330467362,-0.2716058636835923,-1.8232984088369146,-0.2976880097816575,-1.4404149728098572,-1.4404149728098574,-0.08965317132694257,-0.2734154936195111,-1.4793371753233349,-0.42231683638869655,APP
0.02483528873396601,-3.434295993006127,-1.8232984088369146,-0.48733808615022545,-1.4404149728098572,-1.4404149728098574,0.731217484059632,0.9209150189965326,-1.4793371753233349,1.671323553926576,APP
-0.23097851330467362,-3.434295993006127,-1.8232984088369146,-2.71957074178567,0.05064770035299219,0.050647700352992014,1.3725226835803939,-0.2734154936195111,-1.4793371753233349,0.8831541639079235,APP
0.48163516263895095,-3.434295993006127,0.5269917764568107,1.0967293207661069,0.5894393449772489,0.5894393449772487,1.5777403474270377,-0.2734154936195111,0.38581543386068745,-0.20834525265023987,APP
-0.23097851330467362,0.7299891057928413,1.0472583411163334,0.04437527638716256,-0.8019125681286924,-0.8019125681286923,0.14121670050053128,-0.2734154936195111,-0.3414146703727541,1.10707385553634,APP
-0.23097851330467362,-3.434295993006127,0.014281560820995002,-0.8684509785757892,-0.147278903546693,-0.14727890354669257,0.8851307319446161,-0.2734154936195111,-0.8008111606946539,0.8210221216478178,APP
1.1825905371356449,0.07805037333222711,2.2664506179543644,-0.1713133981617663,-1.4404149728098572,-1.4404149728098574,-0.9874804506560086,-0.2734154936195111,-1.4793371753233349,0.06391875275921421,APP
1.1825905371356449,-0.0810007884313775,2.2664506179543644,-0.1713133981617663,-1.4404149728098572,-1.4404149728098574,-0.9874804506560086,-0.2734154936195111,-1.4793371753233349,-0.42231683638869655,APP
-0.23097851330467362,-0.05110264342162708,0.6389758547665855,-0.6496822792873487,-0.010798896440100922,-0.010798896440101144,-1.372263570368466,-0.2734154936195111,-0.8079382049714025,1.3191256289802444,APP
-0.23097851330467362,-3.434295993006127,2.915740517222271,-2.71957074178567,-1.4404149728098572,-1.4404149728098574,1.5520881394462078,-0.2734154936195111,-0.4884538939673261,2.1669836663386635,APP
-0.23097851330467362,-3.434295993006127,0.29330794544323385,-0.8684509785757892,0.2152096720538919,0.21520967205389216,0.8851307319446161,-0.2734154936195111,-0.7868750916148327,1.3393709011773554,APP
0.1977454627710836,0.7299891057928413,0.7198507351697169,1.5777755471381798,-1.4404149728098572,-1.4404149728098574,0.14121670050053242,-0.2256422731148694,2.240841391441295,-3.1384993467652103,APP
-0.23097851330467362,0.6873166018609115,-0.10061381923554628,0.07603385199651741,-0.6725993973096313,-0.6725993973096315,1.2955660596379028,-0.2734154936195111,-0.8643996366860538,-0.2872320029355434,APP
-0.23097851330467362,0.3891548540052769,-1.8232984088369146,0.3243828795353906,-1.2832920375985675,-1.2832920375985672,-2.090525393831719,-0.2734154936195111,-1.4793371753233349,1.177321459496153,APP
-0.23097851330467362,0.435648745269042,-1.8232984088369146,-2.71957074178567,-1.2125327360100357,-1.2125327360100357,-1.1926981145026525,-0.2734154936195111,-1.4793371753233349,1.6080570783105967,APP
-0.23097851330467362,0.36680376576465207,-1.8232984088369146,-2.71957074178567,-1.2746915333081716,-1.2746915333081716,-1.1926981145026525,-0.2734154936195111,-1.4793371753233349,1.3334369420850993,APP
-0.23097851330467362,0.36680376576465207,-1.8232984088369146,-2.71957074178567,-1.2125327360100357,-1.2125327360100357,-1.1926981145026525,-0.2734154936195111,-1.4793371753233349,1.177321459496153,APP
-0.23097851330467362,0.9909753071365792,0.38865087113894714,0.695907863174891,-0.3527078365263681,-0.3527078365263679,-0.8848716187326873,-0.2734154936195111,-0.9338709635296812,1.1086446094137048,APP
-0.23097851330467362,0.2839043344509183,-1.8232984088369146,0.3243828795353906,-1.4087854595646874,-1.4087854595646871,-2.090525393831719,-0.2734154936195111,-1.4793371753233349,1.177321459496153,APP
-0.23097851330467362,0.5715960989319491,0.38865087113894714,0.695907863174891,-0.3527078365263681,-0.3527078365263679,-0.6796539548860433,-0.2734154936195111,-0.9338709635296812,1.1086446094137048,APP
-0.23097851330467362,0.6164436927171615,-1.8232984088369146,-2.71957074178567,-1.1008695238430728,-1.100869523843073,-1.1926981145026525,-0.2734154936195111,-1.4793371753233349,1.177321459496153,APP
-0.23097851330467362,0.36680376576465207,-1.8232984088369146,-2.71957074178567,-1.2125327360100357,-1.2125327360100357,-1.1926981145026525,-0.2734154936195111,-1.4793371753233349,1.177321459496153,APP
0.3543134354042268,-0.1287729604610406,-0.10477140636674,0.13458439537835848,1.699623963521908,1.699623963521908,-0.11530537930777364,0.09352067931451635,0.8054652842707339,0.4929090894877054,APP
0.5549435509512785,-0.19429723563024148,-0.10477140636674,0.3430107142752046,1.7028404147814804,1.7028404147814808,-0.11530537930777364,0.2755246278269334,0.8054652842707339,0.3590459534947218,APP
0.5549435509512785,-0.18078891725794083,-0.10477140636674,0.3430107142752046,1.7329341317835314,1.732934131783531,-0.11530537930777364,0.2755246278269334,0.8054652842707339,0.4007581953491209,APP
0.9445125061881452,0.0811311819519696,-0.1218434120251471,0.5165886957189995,0.6980844453536243,0.6980844453536241,-0.11530537930777364,0.27689502410222394,0.801780839214981,0.523626054200567,APP
0.5549435509512785,-0.18078891725794083,-0.10477140636674,0.3430107142752046,1.7624571866556589,1.7624571866556589,-0.11530537930777364,0.2755246278269334,0.8054652842707339,0.4007581953491209,APP
0.5549435509512785,-0.19429723563024148,-0.11842007076675996,0.3430107142752046,1.7628237954455364,1.7628237954455361,-0.11530537930777364,0.2755246278269334,0.7840918326885896,0.523626054200567,APP
0.4179118707246974,-0.1287729604610406,-0.10477140636674,0.27217495826071403,1.7555133388787822,1.7555133388787825,-0.11530537930777364,0.2676944448330675,0.8054652842707339,0.4929090894877054,APP
0.5549435509512785,-0.18078891725794083,-0.10477140636674,0.3430107142752046,1.7624571866556589,1.7624571866556589,-0.11530537930777364,0.2755246278269334,0.8054652842707339,0.4007581953491209,APP
0.6356548686607971,-0.19429723563024148,-0.11842007076675996,0.17742975714552747,1.7624668721256755,1.7624668721256753,-0.11530537930777364,0.2755246278269334,0.7948044967194539,0.4007581953491209,APP
0.5990668673219399,-0.19429723563024148,-0.10477140636674,0.18462079246759983,1.7623175017404622,1.7623175017404615,0.8851307319446161,0.2902047587263647,0.7146854364371801,0.4007581953491209,APP
0.13991458643727905,-0.1287729604610406,-0.10477140636674,0.08694660073148183,1.7599284248437284,1.7599284248437281,-0.11530537930777364,0.11004123575635073,0.8054652842707339,0.4929090894877054,APP
0.35775797158446043,-0.19429723563024148,-0.1458697651379858,0.3539257940961856,1.8488614237822956,1.8488614237822956,-1.500524610272618,0.9339481322275487,-0.11966470665096725,0.523626054200567,APP
1.0425744287796204,-0.19429723563024148,-0.11842007076675996,0.11058874775956878,1.759854928936488,1.7598549289364878,-0.11530537930777364,0.2755246278269334,0.7840918326885896,0.4007581953491209,APP
0.39183942974662644,-0.19429723563024148,-0.11842007076675996,0.2707353831310426,1.7624365091835241,1.7624365091835243,-0.11530537930777364,0.2755246278269334,0.7948044967194539,0.4007581953491209,APP
0.5549435509512785,-0.19429723563024148,-0.10477140636674,0.3430107142752046,1.7478161485139752,1.7478161485139747,-0.11530537930777364,0.2755246278269334,0.8054652842707339,0.4007581953491209,APP
0.04040890055309767,-0.19429723563024148,-0.11842007076675996,0.1687137822493879,1.7624668721256755,1.7624668721256753,-0.11530537930777364,0.2755246278269334,0.47866745784265335,0.3590459534947218,APP
0.6356548686607973,-0.19429723563024148,-0.11842007076675996,0.17742975714552747,1.757691427456855,1.7576914274568542,-0.11530537930777364,0.2755246278269334,0.7948044967194539,0.4007581953491209,APP
0.5549435509512785,-0.19429723563024148,-0.10477140636674,0.3430107142752046,1.7333465555324086,1.7333465555324084,-0.11530537930777364,0.2755246278269334,0.8054652842707339,0.4007581953491209,APP
-0.23097851330467362,0.22124021536558414,2.915740517222271,-0.08516724406053355,-1.4404149728098572,-1.4404149728098574,-1.372263570368466,-0.2734154936195111,-1.4793371753233349,-2.074051802539396,APP
-0.23097851330467362,0.47148829400887876,-0.4542082893676404,-0.6496822792873487,0.572641332178779,0.5726413321787786,1.3981748915612249,-0.2734154936195111,-0.9229587030888926,0.8831541639079235,APP
-0.23097851330467362,1.5610918190339205,-1.8232984088369146,-2.71957074178567,1.0018982712089768,1.0018982712089763,1.218609435695411,-0.2734154936195111,-1.4793371753233349,0.8377768296730158,APP
0.5191411455833522,0.043801286809962016,-0.287907792834423,-0.002842134756623245,0.38356503901837935,0.383565039018379,1.192957227714581,-0.2734154936195111,0.6741546912933858,0.8831541639079235,APP
-0.23097851330467362,0.7054678734100285,0.5515235272448126,-0.6496822792873487,0.630847607425377,0.6308476074253763,0.21817332444302334,-0.2734154936195111,-0.5100889563276865,0.9285314981428312,APP
-0.23097851330467362,0.597715422398156,-1.8232984088369146,-2.71957074178567,0.9869732119977238,0.9869732119977235,1.3981748915612249,-0.2734154936195111,-1.4793371753233349,0.8831541639079235,APP
0.07776165724304078,0.7076691188293147,-1.8232984088369146,1.0227101739079525,0.9791044868168437,0.979104486816843,-0.01269654738445167,-0.4167351551334364,-1.4793371753233349,-0.3015433160403983,APP
-0.23097851330467362,0.5118416697617135,-0.34019861864714596,-0.6496822792873487,-0.09263936895912314,-0.09263936895912335,-0.19226200325026455,-0.2734154936195111,-0.9103759228480445,2.375719403819247,APP
-0.23097851330467362,1.5610918190339205,-1.8232984088369146,-2.71957074178567,1.4790768978014623,1.4790768978014617,0.3464343643471752,-0.2734154936195111,-1.4793371753233349,0.9285314981428312,APP
-0.23097851330467362,0.45408946629503816,-0.6685026289985803,0.3243828795353906,-0.44993800666567635,-0.44993800666567624,0.16686890848136235,-0.2734154936195111,-0.9663866814378888,0.2972629676518075,APP
-0.23097851330467362,0.5537237172468239,-0.11322186739474824,-0.27482058922859803,-0.047380961257513905,-0.047380961257514266,-0.29487083517358653,-0.2734154936195111,-0.1924063519057479,0.8569749326185527,APP
-0.23097851330467362,0.6873166018609115,-1.8232984088369146,-2.71957074178567,0.923986635180375,0.9239866351803748,1.3981748915612249,-0.2734154936195111,-1.4793371753233349,0.8831541639079235,APP
-0.36666124038234726,0.06270367403923811,-1.8232984088369146,0.2875265653025984,1.6193426208544963,1.6193426208544959,0.731217484059632,2.4783143230323024,-1.4793371753233349,-1.687297292291091,APP
-0.23097851330467362,0.886395168040064,-0.34019861864714596,-0.6496822792873487,-0.06608624292146999,-0.06608624292146985,-0.39747966709690846,-0.2734154936195111,-0.9103759228480445,0.9285314981428312,APP
-0.23097851330467362,1.5610918190339205,-1.8232984088369146,-2.71957074178567,-0.6487318075985821,-0.6487318075985824,1.218609435695411,-0.2734154936195111,-1.4793371753233349,0.8831541639079235,APP
-0.23097851330467362,1.5610918190339205,-1.8232984088369146,-2.71957074178567,0.7456002776838202,0.7456002776838202,1.218609435695411,-0.2734154936195111,-1.4793371753233349,0.9171871645841022,APP
-0.23097851330467362,0.45408946629503816,-0.6685026289985803,0.3243828795353906,-0.7344108236688345,-0.7344108236688346,0.16686890848136235,-0.2734154936195111,-0.9663866814378888,0.2972629676518075,APP
-0.23097851330467362,0.5537237172468239,-0.21597081134022703,-0.2824964138834076,-0.03847151297092896,-0.038471512970929184,-0.6796539548860433,-0.2734154936195111,0.7653599751360584,0.8944984974666523,APP
0.057516824299662817,-0.03727750379361858,-0.4651056571963434,0.3279622969553065,1.040294418107077,1.0402944181070768,-0.8592194107518568,0.9037223586522496,-0.8330097332054296,0.12256023084740689,APP
-0.04966352458976989,0.2240781906551741,-0.42023307787747843,0.14305354306563184,0.5751129447987979,0.5751129447987974,1.1673050197337498,6.08373469217112,-0.45615046382925584,0.06845648618270499,APP
-0.12806512312210214,-0.5219738076394882,-0.3547376045982072,0.22637497772636248,-0.20689192263727704,-0.20689192263727718,-0.6796539548860433,-0.4167351551334364,0.3534832576010482,-0.26105277164617263,APP
0.8527563295760798,0.5022167609402193,-0.05298245422752668,0.1184513569654374,0.8519844783265266,0.8519844783265258,-1.0900892825793311,2.4771715024342673,0.8035877094628658,0.7458004637430269,APP
0.19302179869122926,0.5444179205159533,-0.4967870242113368,0.4121062193180866,-0.04232139496177006,-0.042321394961769836,-0.6283495389243824,-0.6578545310756072,-0.49522019181293825,0.12256023084740689,APP
0.6463855971982767,0.11885352601876094,-0.38713767831517343,-0.07084038907983613,0.8295221452325428,0.8295221452325419,0.32078215636634533,0.08278350760360452,0.6907563503207683,0.22657904317050725,APP
0.15033036957871784,0.2688144800968883,-0.17104461962661047,0.17471393909479885,0.15063344184616054,0.15063344184616004,-2.090525393831719,0.08636381510922048,2.1537891862876934,-0.20267308587087543,APP
-0.255397193681271,0.06777180102398607,-0.17012927704129113,0.6885435512530543,0.6583609109320844,0.6583609109320845,-0.19226200325026455,-0.3689619346287947,0.370556295822226,-1.0169344430746028,APP
-0.23422405431368673,-0.07916609804933003,-0.4311906225817142,0.15105484669071534,0.14374159115088653,0.14374159115088658,0.16686890848136235,0.18071664776515306,2.118408699461102,-0.8115147415573407,APP
1.0284715941728442,0.43603069073906237,-0.05298245422752668,0.18706392767227611,0.8521872450852988,0.8521872450852981,-1.0900892825793311,2.4771715024342673,0.8035877094628658,0.5350576518635917,APP
-0.17057364613673293,0.2161479752248138,-0.18743570044667995,0.5933837843935268,1.6568984571107122,1.6568984571107124,0.19252111646219228,2.4614949421442742,2.174710648498632,0.4007581953491209,APP
0.5600874992048207,0.2543804736582751,-0.39255222432855347,0.07362659963588321,1.5579330173966852,1.5579330173966839,-0.11530537930777364,-0.619211853971739,0.44584332288081013,0.5271166183724798,APP
-0.23097851330467362,0.6441986715594908,0.4130707667681436,-0.31458802006027786,-0.006542558760161087,-0.0065425587601613665,-0.6796539548860433,-0.2734154936195111,0.7866337749245965,1.3048143158753895,APP
-0.5646206928714333,0.435648745269042,0.6284378072219914,-0.2027177475440065,0.06947175113722195,0.0694717511372216,0.5259998202129881,-0.2734154936195111,0.4723909859274073,1.2905030027705346,APP
0.054066957072776034,0.4775600460319739,-0.36094328231347983,-0.2684791824947742,0.8054865820262798,0.8054865820262791,-1.372263570368466,-0.2734154936195111,0.44500296345965473,1.086828583339229,APP
1.3908866802289306,0.09228047313123092,-0.1458697651379858,0.3298394075824357,1.30832254589495,1.30832254589495,-0.11530537930777364,2.4508169751155164,0.46449493215713733,0.20048707598543236,APP
-0.12379751928573438,0.3804883827174612,0.22447108828451917,-0.1588839840557881,0.21302705834137262,0.21302705834137223,1.3725226835803939,-0.21322500748444365,-0.14818746441844488,0.7279985864662512,APP
-0.23097851330467362,-0.030498726001273967,0.12074247909154653,-0.5146895534722408,-0.34940286925236913,-0.34940286925236935,-1.372263570368466,-0.2734154936195111,-0.47932362290313085,1.301672808120664,APP
0.41298313751396054,0.2543804736582751,-0.5478958127863709,0.0646708287257944,1.690804349532956,1.6908043495329563,-0.11530537930777364,0.9220004748478259,0.4338851488389204,0.5271166183724798,APP
-0.05619159803260972,0.07151227575021922,-0.3547376045982072,0.30332826479274866,0.7720734059042115,0.7720734059042113,-0.6283495389243824,2.448765971408314,0.44790903810986377,0.22657904317050725,APP
-0.2434922414755059,0.12015571267437082,-0.3357232704105423,0.8879214285029097,-0.05756017841052937,-0.05756017841052999,0.9877395638679369,-0.19528080755853908,-0.8203382806573121,-0.2679466358857066,APP
-0.30808969465678215,0.12684134816736795,0.2572699259573551,0.3377076811869034,0.16086134761910376,0.16086134761910376,0.3720865723280063,-0.20175566286254853,-0.3733118227373909,-1.1232221221094505,nonAPP
-0.30757395535985077,0.32866707261524064,0.19796214251104266,0.5535962546348682,0.1311694320983125,0.13116943209831203,-1.372263570368466,-1.097503547324581,-0.12950724756930485,-0.5012035866740001,nonAPP
0.12045201588885518,0.3275689615524329,-0.31514512946860246,0.37068968648018086,-0.6593231384761703,-0.6593231384761703,0.6029564441554801,-0.2734154936195111,-0.8843335081513011,-0.26105277164617263,nonAPP
-0.04344859858266732,0.04361515117127918,0.1301303936575266,0.18580556279793764,0.07187925541118328,0.07187925541118312,0.5003476122321582,-0.2734154936195111,0.39343621557761627,-0.5629865725169144,nonAPP
-0.4237564666849451,0.30821028766752173,0.5715144024195692,0.24125800821192828,0.24071118726373852,0.24071118726373833,2.1933933389669695,-1.0973228906331367,2.3614592698986354,-0.36821309172399863,nonAPP
-0.6171597487342451,-0.3642595852554396,-0.09940297162413972,1.7076906918912946,-0.927245143394754,-0.9272451433947538,-0.5770451229627214,-0.2734154936195111,-0.5748220505931702,-1.2289862165185075,nonAPP
-0.2636294537089284,0.8126192089078551,0.04495452174632781,0.7647004946399574,-0.3784228844876342,-0.3784228844876346,-0.7053061628668744,-0.8370786459695368,-0.49717464771600534,-0.5813120344194771,nonAPP
-0.23097851330467362,0.22124021536558414,2.915740517222271,0.9027340675863919,-1.4404149728098572,-1.4404149728098574,-0.11530537930777364,-0.2734154936195111,-0.4884538939673261,-3.1655512190975594,nonAPP
0.02483528873396601,-3.434295993006127,1.494625511126878,0.7603727432005903,-1.4404149728098572,-1.4404149728098574,-0.6796539548860433,0.9209150189965326,0.395875043243244,-1.1630145536692935,nonAPP
-0.23097851330467362,-3.434295993006127,0.9032009423572712,0.5320493743472399,-1.1514547365344572,-1.1514547365344572,0.5259998202129881,-0.2734154936195111,-0.47932361839053317,-1.5640803770224536,nonAPP
-0.23097851330467362,0.8111257822833949,0.23354269859672463,0.5369214452434535,-0.9707373875264206,-0.9707373875264209,-0.5000884990202299,-0.2734154936195111,-0.5582022992105496,-0.10589719420450429,nonAPP
-1.112277839389081,0.8111257822833949,0.9606005028622236,0.5125112972764616,-0.9188803499396054,-0.9188803499396053,1.5777403474270377,-0.8228075294228911,2.16336770774492,-2.6198015108184776,nonAPP
1.7217869790561795,-0.2538367146811476,0.915184363165324,0.2885716604610256,-1.0633114185897579,-1.0633114185897579,0.14121670050053128,-0.2734154936195111,2.170527762541723,-1.3604932216954477,nonAPP
-0.7691010212066585,0.5338111488287844,1.0472583411163334,1.854362768989975,-1.0808703512578461,-1.080870351257846,-0.8592194107518568,-0.1788748793181444,-0.7951873932570934,-1.354471998498892,nonAPP
-0.445176239282753,-0.3642595852554396,1.366483949711432,-0.018147277436135884,-0.39245612022699944,-0.39245612022699955,1.1673050197337498,-0.20175566286254853,-0.06249633848382,-1.024788212461415,nonAPP
-1.8157788662467833,-0.3642595852554396,3.5380251899576804,0.3205779375087393,-1.4404149728098572,-1.4404149728098574,0.3720865723280063,-0.2734154936195111,0.5668347706457961,1.3246232675510132,nonAPP
-0.2151549791579538,-0.5219738076394882,1.527768338873314,0.9319115707422772,-0.889887391237486,-0.8898873912374862,-0.6283495389243824,-0.6640889239243719,0.395875043243244,0.17456963700895708,nonAPP
11.485614440860445,-0.60672443095592,-1.8232984088369146,0.8877037571740606,-1.4404149728098572,-1.4404149728098574,-0.5000884990202299,-0.2734154936195111,0.5024293873886826,-2.8248721559185483,nonAPP
-0.23097851330467362,-0.88835865772145,1.0472583411163334,0.270774450321151,-1.2221372103288037,-1.222137210328804,1.3725226835803939,-0.2734154936195111,0.4137657750909138,0.1788455781195524,nonAPP
-3.611885932914508,0.8111257822833949,1.494625511126878,2.3942713420337114,-1.4404149728098572,-1.4404149728098574,1.090348395791259,-0.2734154936195111,2.359480423047115,-2.6911835481341604,nonAPP
-0.23097851330467362,0.2922626522158902,-0.6685026289985803,0.4293467975119784,-0.7229100045282956,-0.7229100045282956,0.16686890848136235,-0.2734154936195111,-0.6003563171233728,0.5321779364217615,nonAPP
-1.0219594655790638,0.3570667557361319,1.0824300050825069,0.7713970477014205,-1.0384386610807903,-1.03843866108079,-0.423131875077739,0.825368577987249,-0.8781245684911166,0.2508384641653219,nonAPP
-0.23097851330467362,-0.3642595852554396,2.2664506179543644,-0.6496822792873487,-1.4404149728098572,-1.4404149728098574,1.7573058032928517,-0.2734154936195111,2.271087261809823,-0.2537225868851476,nonAPP
-0.23097851330467362,-0.012770036744508334,1.0408165679578267,0.04818842487875147,-1.0771825726221786,-1.0771825726221789,1.7573058032928517,-0.2734154936195111,1.0936815461733214,-1.4473210054718593,nonAPP
-0.23097851330467362,-0.88835865772145,-0.0457134406234568,0.4765805606014437,-0.3174083708022604,-0.3174083708022606,-1.474872402291788,-0.2734154936195111,-0.5582022992105496,0.1894045347395989,nonAPP
-0.1739945114688992,0.18939820730118928,-0.34019861864714596,0.6022505458647329,-1.0042780946204228,-1.0042780946204228,-0.08965317132694257,-0.2256422731148694,-0.9103759228480445,-0.38741119466953555,nonAPP
-0.23097851330467362,-0.3642595852554396,2.915740517222271,-0.6496822792873487,-1.4404149728098572,-1.4404149728098574,-1.500524610272618,-0.2734154936195111,-0.4884538939673261,-1.599684131575997,nonAPP
-0.23097851330467362,-0.025619825145504496,1.0472583411163334,0.43712190254728217,-0.9672510583672266,-0.9672510583672267,-0.038348755365281595,-0.2734154936195111,-0.7951873932570934,-0.725385070615312,nonAPP
-0.5113828091305229,0.08838494375775215,0.27189756204163934,0.13701136418134494,-1.033360157890687,-1.0333601578906868,0.5516520281938192,-1.097503547324581,-0.45343618444711814,-0.26105277164617263,nonAPP
-0.23097851330467362,0.3490478898416177,-0.4542082893676404,0.5884701800152987,-0.39306111036055613,-0.39306111036055663,-0.6796539548860433,-0.2734154936195111,-0.5809437611976994,-0.09778163250479682,nonAPP
-0.23097851330467362,-0.16347150534043042,0.41238315998903363,-0.37515184089274434,0.9118095557305602,0.9118095557305597,1.013391771848768,-0.2734154936195111,0.3777031430522944,1.3191256289802444,nonAPP
-0.23097851330467362,0.7600292789704586,-0.0457134406234568,0.49549269848539085,-0.917733715980588,-0.9177337159805882,0.16686890848136235,-0.2734154936195111,-0.8781245684911166,-0.2573876792656601,nonAPP
-0.47195095503001294,0.6493822343525733,2.1259006962124065,2.007510176030566,0.5746560769563165,0.574656076956316,1.5777403474270377,-0.20175566286254853,0.897741004781567,-1.5622478308321974,nonAPP
-0.23097851330467362,0.22124021536558414,1.0472583411163334,-0.07715993859632372,-1.4181753202010206,-1.4181753202010203,-0.5257407070010603,-0.2734154936195111,0.5336721641886376,-0.2537225868851476,nonAPP
-0.23097851330467362,0.2492535016862132,0.5674482511193357,0.6573448667028897,-0.3521368005237783,-0.35213680052377827,1.3725226835803939,-0.2734154936195111,-0.8079382049714025,-0.5774724138303688,nonAPP
-0.5063755895622043,0.6036812372122654,0.7789652808956723,0.9734612252582642,-1.2732708017280079,-1.273270801728008,-0.3461752511352475,-0.20175566286254853,-0.33021514567287263,-0.18565658553278602,nonAPP
2.3727088098431306,0.17244147110894018,0.5674482511193357,0.0073839453200228704,-0.6009585345747718,-0.6009585345747718,-0.6796539548860433,-0.2734154936195111,0.48218255730553294,0.8482485221887625,nonAPP
-0.23097851330467362,0.2492535016862132,0.6968274906748023,0.6625999485710641,0.5738643515480768,0.5738643515480766,1.6546969713695299,-0.2734154936195111,-0.7684938872046954,-0.135043405040001,nonAPP
-0.23097851330467362,0.10037396041297032,0.7277975686035132,0.4765805606014437,0.24731443284612392,0.24731443284612384,0.6286086521363101,-0.2734154936195111,0.395875047272883,-0.2537225868851476,nonAPP
-0.23097851330467362,0.22124021536558414,0.691486221751724,-2.71957074178567,-1.3753886271497775,-1.3753886271497775,0.3464343643471752,-0.2734154936195111,2.2608031634300816,-1.3452220034433149,nonAPP
-0.4702516004903983,0.26441388555131573,0.2964061630138942,-0.27933502881492894,0.057248576376054745,0.05724857637605444,-0.29487083517358653,-0.6317146474043243,0.8532509219017241,-0.5720620393638959,nonAPP
-0.10506434763473878,0.25141846727437916,0.034884306090461156,0.34336042381676213,0.26578665176999317,0.26578665176999255,0.5259998202129881,-0.6528128533208364,-0.11209106762949757,-0.16296791841533217,nonAPP
-0.3070343741002879,-0.12940410375347294,-0.06713223150914185,-0.00627887085699567,0.04724084623078951,0.047240846230789287,-0.4744362910393994,0.825368577987249,-0.43342943874357437,-0.16846555698609703,nonAPP
-0.01421614269971458,0.1623332715239944,-0.538019526326485,0.31934113905701395,0.08781631748192564,0.08781631748192525,1.192957227714581,-0.079005905364114,0.6811900520151475,0.19027717578257713,nonAPP
0.25990553758277724,0.20526543590201174,-0.5086912239808767,0.490352523896258,-0.12390818311059101,-0.12390818311059087,-0.8079149947901958,-0.10952439586084842,-0.9103759278995288,-0.30136878783180265,nonAPP
-0.14354125245269522,0.3041893432761684,0.6391244543648217,0.2382563096739746,0.07874830000730355,0.07874830000730344,-0.5000884990202299,-0.2734154936195111,-0.10186352576984731,-1.1120523167593173,nonAPP
2.197086961123344,0.3045317991098826,0.16214478341580207,0.29699592834343347,-0.07197739242713697,-0.07197739242713733,0.14121670050053128,-0.2734154936195111,2.1334868636163367,0.2489186538707698,nonAPP
-0.5819573000483357,0.5183669464935202,-0.06713223150914185,0.691168360150756,-0.27522080496678325,-0.2752208049667836,-1.500524610272618,-1.3645005627614737,0.29380154494414235,-0.44989229334683245,nonAPP
0.41848397876153537,0.11013709458511356,0.08954051390989048,0.8068888808351665,0.2380764350985645,0.23807643509856438,-0.16660979526943406,-0.835400682988999,-0.3657125900609594,-1.486240795988724,nonAPP
-0.3019397231379021,-0.3121523204451955,0.42298348552454773,0.060745511068148614,-0.4446390398334779,-0.4446390398334781,0.19252111646219228,-0.36480237682430156,-0.09069277900659477,-1.1069909987100395,nonAPP
-0.23097851330467362,0.223871556475297,0.5949526429334308,-0.2729978025004261,-0.032924786821953524,-0.032924786821953635,-1.8340033140234144,-0.2734154936195111,0.7414146223665803,-0.7497317557144264,nonAPP
-0.23097851330467362,0.45418469605899203,-0.18507367175776676,0.45672868915804526,-0.7377464784392889,-0.7377464784392889,-0.6283495389243824,-0.2734154936195111,0.6897153044643323,0.2429846947785099,nonAPP
0.04774922003179805,-0.16750488222019214,0.5130598332122002,0.5473326348926758,-0.4323699910185227,-0.43236999101852275,0.5516520281938192,-1.0978779903873999,0.8131329187065637,-0.6429204920537958,nonAPP
-0.3555020366619395,0.2939365233653494,0.23426871901585233,0.3342202042602265,-0.3406540314226775,-0.3406540314226777,1.2955660596379028,6.05878820965072,0.8152965703558441,-1.0897127060590548,nonAPP
-0.34379805305853767,0.24746372912921527,-0.11842007076675996,0.5852732078007615,-0.6977468053125545,-0.6977468053125544,-0.6026973309435518,-0.20175566286254853,0.7091615385597612,-0.2926423774020124,nonAPP
-0.23097851330467362,-0.2099022339582696,0.09921009320329266,-0.15930294458552116,0.09153759149065208,0.09153759149065205,-0.269218627192756,-0.2734154936195111,0.8532509250527974,-0.8774864044065546,nonAPP
-0.3016018126148869,0.2913051547310888,-0.90357170751787,0.4803713416643541,-0.02473507453328487,-0.02473507453328448,0.3720865723280063,-0.3689619346287947,0.3303471429781623,0.523626054200567,nonAPP
-0.058184756838917946,0.3563586288792949,0.29195390089991496,0.6637863974993403,-0.5772083454042803,-0.5772083454042803,1.346870475599564,-0.9653499807448894,0.7377094410563171,-2.0059858011870304,nonAPP
1.775521063762749,0.045634484548916644,0.39552402131024567,0.1600906105391709,-0.3083823946849106,-0.3083823946849103,0.5516520281938192,-0.6317146474043243,0.39978763162746217,-0.31044425467878417,nonAPP
-0.17819333265679818,0.2922626522158902,0.3364004235359351,-0.019727711244724357,-0.6212645277833102,-0.6212645277833102,0.4490431962704972,-0.8228075294228911,0.36542292308600915,0.23390922793152838,nonAPP
-0.009347079489339195,0.18085467389165097,0.44984891432921725,0.3999310377106335,-0.7374977280085783,-0.7374977280085782,-1.2953069464259745,-0.39379646588964606,-0.7995828314274135,-0.3645479993434861,nonAPP
-0.4101916447875585,0.43215935198414834,-0.13915380396859872,0.2584469927990059,-0.032332957928053276,-0.03233295792805372,-0.6796539548860433,0.8254701657082494,0.3629503129430435,0.12875598225255827,nonAPP
-0.2978250032573729,0.34769998002766106,0.095737016307896,0.4381054300558102,-0.21589343292417962,-0.21589343292417992,1.5777403474270377,2.4735609408393637,0.7103570987609678,-1.352552188204336,nonAPP
-0.2959886437809777,0.040334158523737784,0.5018397577344551,0.2769715676379347,-0.055845678876597464,-0.05584567887659791,0.3720865723280063,-0.2256422731148694,-0.13944753796090584,-1.0952976087341193,nonAPP
-0.2878411294260385,-0.20982056586931644,-0.178640306476588,0.6604829463151141,-0.5654930914880326,-0.5654930914880325,1.2955660596379028,1.1110939762466432,0.7110752641955785,-0.9012222407755862,nonAPP
-0.12410691580738786,0.3423663886948439,-0.40414298062734477,0.6974358657207615,-0.15789081364353258,-0.1578908136435326,1.013391771848768,-0.4167351551334364,-0.8843335081513011,-0.21017779884049614,nonAPP
-0.12122517542927982,0.36281173330736183,0.8089393204998985,-0.3779338787672267,-0.7119860562964205,-0.7119860562964209,0.6029564441554801,-0.8228075294228911,2.1908013067245085,-0.4657743603290521,nonAPP
-0.33215591514767717,0.18230314586288424,0.15694276208910912,0.26486798112196747,-0.33833677804227524,-0.3383367780422752,0.3720865723280063,-0.2734154936195111,0.726336716555857,0.16270171882444123,nonAPP
-0.08553312994932517,0.35977477575046907,0.19458362813482702,0.7195438689512708,0.02277027658914568,0.022770276589145117,-0.5000884990202299,-0.8260395856835852,-0.5100889609862336,-0.6882978262887034,nonAPP
-0.1846299753505378,0.2790598383207271,0.11363968745902714,0.4220290261691959,-0.35311167668021787,-0.35311167668021815,1.7573058032928517,-0.2256422731148694,0.8094498663402154,-0.20834525265023987,nonAPP
0.12045201588885518,-0.00844796026023938,0.09836142286554074,0.4127484190266883,0.15052101595777798,0.15052101595777764,-0.8079149947901958,-0.2734154936195111,0.3777031403225945,0.2320766817412721,nonAPP
-0.5125615032879088,0.6356668728366391,0.04495452174632781,0.21991856347176636,-0.48152178453974787,-0.4815217845397479,1.7573058032928517,0.7775665677353556,-0.8373421744018619,0.10179137402450515,nonAPP
1.571574248874575,0.25550529437629427,0.8917951113368373,0.3904453120515402,-0.8399864016583546,-0.8399864016583547,1.013391771848768,-0.2734154936195111,0.5110633480086332,0.4648100479037786,nonAPP
-0.07310707547764421,-0.020221164647620495,0.04495452174632781,0.11322488776368078,-0.31858547431010475,-0.31858547431010464,-0.6026973309435518,0.92071115179175,-0.22925439175333265,0.22483376108454683,nonAPP
-1.051140706956097,0.4118888676662346,0.7064199592359184,1.1261643599314954,-0.774378039279302,-0.7743780392793019,-0.8592194107518568,-0.8236491193262776,-0.40918873523019395,0.25624883863179093,nonAPP
0.8294490101754658,-0.20870357293659336,-0.12811068822720964,0.5083708949021573,-0.7999551965623798,-0.79995519656238,1.8342624272353427,-0.20175566286254853,-0.37906953145205574,-1.1120523167593173,nonAPP
-0.14523371808952232,0.4854663533098836,0.34765770951357045,0.6761189434534212,-0.28542449416034527,-0.2854244941603453,-0.6540017469052128,-0.2256422731148694,1.013945154152382,-0.29595841336533363,nonAPP
-0.04573441097604498,-0.5625545341998724,1.0798850211314046,0.6898157060310991,0.039989236736872144,0.03998923673687181,-0.320523043154417,-0.4167351551334364,0.7292167611874708,-1.3452220034433149,nonAPP
-0.3914443331180903,-0.08227070950051045,0.19796214251104266,0.04385186784944467,-0.11505549214392231,-0.11505549214392247,-0.8335672027710262,-0.16592574748406722,0.7091615385597612,0.5497180213856379,nonAPP
-0.23097851330467362,-0.05110264342162708,1.0408165679578267,-0.6496822792873487,0.12181842813540383,0.12181842813540372,-1.1670459065218222,-0.2734154936195111,1.0386851540291644,-0.27274616162209286,nonAPP
0.5084683896647532,-0.08909003387885239,0.4546321203729855,0.38575486078761717,-0.09495143671696027,-0.0949514367169606,-0.6283495389243824,-0.2256422731148694,0.34692635076115685,-1.3965332967704864,nonAPP
-0.3051238799893933,-0.2852032605048514,0.33352781030984135,0.14723938490002603,-0.8779524255215636,-0.8779524255215636,-1.372263570368466,-0.20175566286254853,2.1937337884040122,-0.8957246022048174,nonAPP
-0.27282743192426984,0.08838494375775215,0.4082372719000029,1.1154372813363544,0.29904737298561285,0.299047372985613,1.090348395791259,-0.8378782502569276,-0.10026038497950678,-0.3220503805504085,nonAPP
0.6407338341214515,0.048976096097008384,0.2725206150108726,0.25959603543169585,-0.6613995171234207,-0.6613995171234208,-1.57748123421511,6.044592918119359,-0.3019736043678352,-0.22518722477973363,nonAPP
-0.4554614887795194,0.12015571267437082,-0.15540458075013736,0.6997213524180118,-0.8582904999433817,-0.8582904999433817,-1.526176818253449,-0.4104958184266968,0.996868875302947,-1.486240795988724,nonAPP
0.1800982982784632,0.05478042508743564,-0.13029688791329386,0.4146608818831914,-0.5646110337622682,-0.5646110337622681,-0.8335672027710262,-0.201645246924041,2.1288917056927588,-0.26105277164617263,nonAPP
0.11497954892824142,-0.2462191716980849,0.17941583168849093,0.6289155291047682,0.355979548726522,0.3559795487265215,1.8086102192545115,-0.1788748793181444,-0.4727815748186418,-1.5640803770224536,nonAPP
-0.23097851330467362,-0.07128251565879166,0.19796214251104266,0.26666570452270766,-0.1251025729584156,-0.12510257295841576,-0.24356641921192554,-0.2734154936195111,-0.13944753796090584,0.18888095011381198,nonAPP
-0.3600576441533928,0.716320957472047,0.5018397577344551,0.6813795053365134,-0.21979133591370667,-0.21979133591370706,-2.090525393831719,-0.82102379487642,0.48568673394373246,0.26000119511660325,nonAPP
-0.16997778160625118,-0.09244208280162719,-0.44690857281598523,0.7191679046105142,-0.5338088774409129,-0.5338088774409132,0.7568696920404631,-0.4104958184266968,-0.560700642140567,-0.26105277164617263,nonAPP
-0.23097851330467362,0.20565887612898012,0.19796214251104266,-0.15056023868491678,0.09993110272303247,0.09993110272303235,-1.1670459065218222,-0.2734154936195111,-0.18025640170864657,-0.5366328130189479,nonAPP
-0.20869821946456313,0.444630932674179,0.25720963239437594,0.27695617195340627,-0.14845006275641878,-0.14845006275641845,-0.6026973309435518,-0.4149434715396707,0.7266056869746108,-1.1630145536692935,nonAPP
-0.23097851330467362,-0.22460506562781982,0.111371738577854,0.3837841639114793,-0.47273334036965775,-0.47273334036965814,0.3720865723280063,-0.2734154936195111,-0.18025640170864657,-0.3188216086913831,nonAPP
-0.18919024529177242,0.3439993310662857,1.0510570845496723,0.5675841035222781,-0.5945940254418417,-0.5945940254418419,1.2955660596379028,-0.2256422731148694,-0.43697336488297084,-1.4789106112276988,nonAPP
-0.49490870941820886,0.8199520479707886,-0.2003520455415509,0.8098480884539028,-0.12594661724787445,-0.1259466172478743,-1.9879165619083974,0.8116864995536571,-0.5340495724204708,-0.0173241283421325,nonAPP
0.12045201588885518,-0.17119299779780517,0.5715144024195692,0.1342866764740878,-0.24793806508340704,-0.24793806508340738,-2.5009607215250065,-0.2734154936195111,-0.13944753796090584,-0.7944982412192514,nonAPP
-0.30186580521099265,0.3400517257076846,0.4644293614230436,0.6673472169136192,0.40280908815726424,0.4028090881572639,1.7573058032928517,-1.1718124349320147,-0.08517706210162165,-0.8993896945853299,nonAPP
-0.32009725994226695,-0.3632302118229655,0.7675473950793259,0.045925447843552944,-0.614142407297746,-0.6141424072977463,1.3981748915612249,-0.2734154936195111,-0.2769119685373209,-1.347054549633571,nonAPP
-0.23097851330467362,0.22124021536558414,1.0098340126963943,-0.08268128767281821,-0.7585303321257688,-0.7585303321257691,-0.4744362910393994,-0.2734154936195111,0.7424161190533771,-1.4230615844770405,nonAPP
