TS[4]_V_U_z3,GV[2]_CHOQUET[A;-0.75;AO1;0.3]_H_eps,AC[4]_AM_T_hwhh,TS[2]_GOWAWA[0.0;1;NONE;0.0;0.0;0;S-OWA;0.0;1.0]_U_isa,GV[4]_GOWAWA[0.2;2;ES2-OWA;0.9;0.0;2;W-OWA;0.4;0.6]_T_eps,AC[2]_SIC_T_scv,MIC_GOWAWA[0.0;1;NONE;0.0;0.0;0;S-OWA;0.0;1.0]_N_hwhh,AC[3]_HM_T_pie,ES_Q2_A_khh,TS[3]_Q1_T_eps,Class
-0.4218211786338775,0.5114684007497358,-0.3460914700590697,-0.2572740881062696,0.24770876561508665,-0.058250449138021625,-1.35633889895496,0.8970036775914666,1.3661384722545722,0.10580552282220898,APP
3.694688361645486,0.27300665621867376,0.99226783111647,1.1396605123208092,-0.5444353279599481,-0.8132862878948476,-1.35633889895496,0.911966698231407,-0.38980182867251023,1.9880922525279634,APP
-0.5075724242100157,0.5267925644669841,1.7184817859656398,-0.7198399196820724,-0.02980246022437916,-1.256535672192745,-0.5847362032809507,0.6345352564469298,-0.5749114309617952,0.4217015803806143,APP
-0.4299701877875588,0.5408412058943713,0.32376237449692646,-0.2572740881062696,1.0964995882969224,-0.1185126759679767,0.21373512854691254,0.4358239540299906,-0.7181973046690004,-1.2614484633173253,APP
-0.13747075342211845,0.4948141829211187,0.5043255648956424,-0.2478001335425051,-0.10582090573677912,-0.22958433752991994,-0.8810918332176311,1.0801873179668946,-0.414712784024738,0.4217015803806143,APP
1.3673532460254922,0.0766223436512341,-0.2734358334165322,-0.7198399196820724,-0.313338808354975,0.1196128333564851,-0.49247140077379087,0.781276792296941,-0.7651433062632985,0.951220165260289,APP
-0.5621957967220788,0.35404128057199574,0.3375119009413273,-0.2478001335425051,-0.07795855756741181,-0.24405695094174917,-1.35633889895496,1.7120163491524134,-0.695910438676184,0.8831541639079235,APP
-0.42376224726476924,0.4850777564105262,0.4988366835726031,1.1396605123208092,-0.018292962984609983,-0.19828584948962888,-0.8942541971368168,1.1700065436636173,-0.574893707243924,0.6975434140662851,APP
-0.0527928833277939,0.48082375538373356,1.2912367384908896,1.1396605123208092,-0.6434844136954657,-0.653944737575693,0.2717281768204174,-0.26138959043278637,-0.48835810928016105,1.3117954442192195,APP
-0.6246739248152494,-2.578943261306862,0.11274568203104836,-0.7198399196820724,-0.5366050907971961,-0.7487664048671728,-1.35633889895496,2.7017406501259567,-0.49941999211712845,2.4786910468907735,APP
-0.28839046572990656,0.37392094146026583,-1.1932566427737024,1.1396605123208092,-0.13089571329048683,-1.4863642193485485,-1.35633889895496,2.2218363638806844,-0.34885021381760284,1.1989629573620368,APP
-0.5604101415219681,0.4438261535334297,-0.35171305800001673,-0.2478001335425051,0.2693917018259328,-0.1758050952800141,-0.06557057864275323,0.5074274902658069,1.4879783117731784,0.9285314981428312,APP
-0.5895035875397789,-2.578943261306862,1.0322980979799155,-0.2520634130961991,0.0194264692608448,-1.361212070985315,-1.35633889895496,3.30501780356716,-0.39493344802211555,1.3117954442192195,APP
-0.47783410299252616,0.35101178623924434,0.5983059567531827,-0.2478001335425051,0.3027556837132351,0.15581182001196092,0.17975188363919195,0.5664709475871007,-0.8030775894648245,-0.2697791820759629,APP
-0.6213763333061628,-2.578943261306862,-0.22013977872221857,-0.7198399196820724,-0.27856641673082044,-0.1470932794848008,0.147373539950472,0.9630266763723289,-0.8487524568739999,1.307170446691433,APP
-0.624679724864274,0.42081306338554003,3.7031175031090133,-0.7198399196820724,0.2537710802762448,-4.216618735271167,-1.35633889895496,3.0173209502161966,0.6733895328263658,0.8831541639079235,APP
-0.624679724864274,0.4216857326303253,3.7031175031090133,-0.7198399196820724,0.2703683023038274,-3.242583360318146,-1.35633889895496,3.0173209502161966,0.6733895328263656,0.8831541639079235,APP
-0.624679724864274,0.42058367626622456,0.8300880642239958,-0.7198399196820724,0.1924234785232361,-1.9557446467457875,-1.35633889895496,1.9551700005391184,-0.48315589690096344,0.8569749326185527,APP
-0.624679724864274,0.4203143888985942,4.317982402131539,-0.7198399196820724,0.23784196006065647,-3.9470598923533946,-1.35633889895496,3.0173209502161966,-0.8174035450284762,0.8831541639079235,APP
-0.624679724864274,0.4213955189317498,5.547712200176591,-0.7198399196820724,-5.229519760909392,-2.5592337676850945,-1.35633889895496,3.0173209502161966,-0.768121129231622,0.8831541639079235,APP
0.8882717632805179,-2.578943261306862,0.1996685472202448,1.6074370189066824,0.12963983369704138,1.0617009579507486,-1.35633889895496,-0.11418697951017272,0.651986883680303,-0.42231683638869655,APP
-0.624679724864274,0.20561350202214995,-2.1380990376049844,-0.7198399196820724,-0.09359261356521201,1.0617009579507486,-1.35633889895496,1.2022177439927308,-0.21369395151701148,1.671323553926576,APP
-0.624679724864274,0.0844344262850661,-0.16366071129306609,-0.7198399196820724,-0.12393170631052558,-2.7121147782639525,-1.35633889895496,1.8072201560542926,1.8157990305980267,0.8831541639079235,APP
-0.5988274563493015,0.16143236637416344,0.050222217596714164,-0.2478001335425051,-0.117275689638473,1.0617009579507486,0.3246338363510516,-0.03336854567516117,-0.6590222235639661,-0.20834525265023987,APP
-0.5191513128907888,-0.11592877728844105,-0.2358607562540445,0.171185507039981,0.09615079331150295,0.18557695250861528,-1.35633889895496,0.4259596595545938,-0.5414623668433605,1.10707385553634,APP
0.0901898887762701,-0.0680357954157531,-0.36787168075482995,1.1396605123208092,-0.031145075443354542,-2.651499440681122,0.9066426995331259,-0.2570668554382271,0.8708111037339216,0.8210221216478178,APP
0.8882717632805179,0.13722686284340604,0.9522375642530241,2.999160944323691,-0.731036534592574,1.0617009579507486,-1.35633889895496,-0.45160055946618977,-0.7038955809306503,0.06391875275921421,APP
0.8882717632805179,0.13722686284340604,0.9490351429039484,2.999160944323691,0.3259743445364386,-1.0904412011836986,-1.35633889895496,-0.26620747319286236,0.47306971325924124,-0.42231683638869655,APP
-0.6168496586810416,0.23988620438359576,-0.49285506951736596,-0.7198399196820724,-0.028969782095793255,0.5434134820847377,0.36841911941754063,-0.062334214629178084,1.9661951769161496,1.3191256289802444,APP
-0.624679724864274,-0.4268299737445784,-3.6752612851613,-0.7198399196820724,-5.125777597172391,1.0617009579507486,1.3247027681324421,-0.27977738793442447,-0.5275525366918347,2.1669836663386635,APP
0.39963617553753716,-0.05813283143028931,-0.33673702874992767,1.1396605123208092,-0.5640138299534574,-1.766173417920624,0.8086519708560793,-0.19170511657511308,0.8728681474070615,1.3393709011773554,APP
-0.6148138414734011,-2.578943261306862,-0.30417907836765845,-0.29659099954589235,1.6060298359350869,1.0617009579507486,0.6454604320639252,-2.3283612672290803,-0.3443803576925983,-3.1384993467652103,APP
-0.5037047277838664,0.38417935750413895,-0.3057317675066043,-0.7198399196820724,-0.0340855609809655,0.3458967423818611,0.147373539950472,-0.020230625980070284,1.8855884880614318,-0.2872320029355434,APP
-0.6246716047956395,-2.578943261306862,1.147585266546639,2.4103546681857253,-0.10275904049791046,0.18557695250861528,-1.35633889895496,0.2904383096265829,1.3378133025132766,1.177321459496153,APP
-0.624679724864274,-2.578943261306862,1.410183817170843,-0.7198399196820724,-0.13497482270946812,-1.0212345839603514,-1.35633889895496,0.13671896910726297,1.6021435986141832,1.6080570783105967,APP
-0.624679724864274,-2.578943261306862,1.0515126260743695,-0.7198399196820724,-0.049084084406334806,1.0617009579507486,-1.35633889895496,0.21560965588883121,1.278251982850221,1.3334369420850993,APP
-0.624679724864274,-2.578943261306862,1.186014322735547,-0.7198399196820724,-0.12005109855535388,-0.690547052933519,-1.35633889895496,0.2660077331403963,1.3378133025132766,1.177321459496153,APP
-0.4629861514909783,-2.578943261306862,0.12921527754058038,2.8336035883219055,-0.7316075314234275,1.0617009579507486,-1.35633889895496,0.2489065416836037,-0.3910697368564166,1.1086446094137048,APP
-0.6246716047956395,-2.578943261306862,0.6864365922797445,2.4103546681857253,-0.08695788244970136,0.18557695250861528,-1.35633889895496,0.36559722954002194,1.6529391498085906,1.177321459496153,APP
-0.4629861514909783,-2.578943261306862,0.023535373021083678,2.8336035883219055,-0.5859998081478459,1.0617009579507486,-1.35633889895496,0.051760994460838976,-0.3910697368564166,1.1086446094137048,APP
-0.624679724864274,-2.578943261306862,1.3935312261556494,-0.7198399196820724,-0.12279423146146339,0.18557695250861528,-1.35633889895496,0.32448686948916666,1.3378133025132766,1.177321459496153,APP
-0.624679724864274,-2.578943261306862,1.3013014913022707,-0.7198399196820724,-0.045808222254014416,0.18557695250861528,-1.35633889895496,0.21190975672105197,1.3061317495010132,1.177321459496153,APP
2.3113086487600807,0.2691021632556187,0.018027208300673482,1.1112386486295156,-0.10778615924596502,-0.24651426061424364,-0.3892138874453753,-0.3304383242929461,-0.4833800407595974,0.4929090894877054,APP
2.5835366564200073,0.2691021632556187,0.03493599302379297,1.1112386486295156,0.03654261311873639,-0.2793859774699339,-0.3892138874453753,-0.3580217349682083,-0.6090061535163009,0.3590459534947218,APP
2.5835366564200073,0.3117536397626106,-0.008616937323635927,1.1112386486295156,0.006235973046367226,-0.1958957722710553,-0.3892138874453753,-0.33478122751752293,-0.6092898037843172,0.4007581953491209,APP
2.344775220147377,0.3117536397626106,-0.15309048138562756,1.1112386486295156,-0.10558927898959246,-0.2656541090158147,-0.4120390466301515,-0.37945539203234235,-0.6644414840798,0.523626054200567,APP
2.5835366564200073,0.3117536397626106,-0.0034930631651148717,1.1112386486295156,0.00745754170910248,-0.3300044658131232,-0.3892138874453753,-0.3358917778173211,-0.7016943334034188,0.4007581953491209,APP
2.5835366564200073,0.16271655790304787,0.017002433468969277,1.1112386486295156,-0.0006275185901690148,-0.46411315935519104,-1.35633889895496,-0.0964965711014836,-0.47386349034745856,0.523626054200567,APP
2.5590384093498333,0.3117536397626106,0.019564370548229806,1.1112386486295156,-0.09657397012797778,-0.11240556707217578,-0.3892138874453753,-0.33099429432707583,-0.47841075870659217,0.4929090894877054,APP
2.5835366564200073,0.2961134914362867,0.006754685151927168,1.1112386486295156,0.007557825457137903,-0.3300044658131232,-0.3892138874453753,-0.3347961853409944,-0.6081347471640782,0.4007581953491209,APP
2.56436517437404,0.3117536397626106,0.025969213246381125,1.1112386486295156,0.03328792776890158,-0.1958957722710553,-0.3892138874453753,-0.33529923562111547,-0.6098178296678547,0.4007581953491209,APP
2.6156742640614863,0.3117536397626106,0.04390277280120478,0.6879897284933355,0.004626494843373762,-0.3300044658131232,-0.3892138874453753,-0.3201336704319965,-0.8112749694069658,0.4007581953491209,APP
2.3776225426081985,0.3117536397626106,0.020845339087860067,1.1112386486295156,-0.000211277802970238,-0.11240556707217578,-0.3892138874453753,-0.3304916866023107,-0.47436132551173177,0.4929090894877054,APP
1.809645530478323,0.3120945722416451,0.03544838043964505,-0.7198399196820724,-0.04581737713746201,-0.061787078728986485,-0.3892138874453753,-0.27257532155425734,-0.8288343885131592,0.523626054200567,APP
2.520955287454199,0.3117536397626106,0.03493599302379297,1.1112386486295156,-0.12447153079306884,-0.3300044658131232,-0.3892138874453753,-0.30805284515651454,-0.4813657504974363,0.4007581953491209,APP
2.6120705776015116,0.3117536397626106,0.05927439527676794,1.1112386486295156,0.010554878850899462,-0.11240556707217578,-0.3892138874453753,-0.33545917701811956,-0.6073042519082044,0.4007581953491209,APP
2.5835366564200073,0.2691021632556187,-0.02142662271993853,1.1112386486295156,0.008090125086225834,-0.2793859774699339,-0.3892138874453753,-0.34677001186293366,-0.607105888730005,0.4007581953491209,APP
2.603544505535325,0.2691021632556187,-0.023988559799199057,1.1112386486295156,0.037259679139940646,-0.11240556707217578,-0.3892138874453753,-0.33537514251114114,-0.6077459218757033,0.3590459534947218,APP
2.640490817822133,0.2691021632556187,0.027250181786011386,1.1112386486295156,0.03845329281336474,-0.1958957722710553,-0.3892138874453753,-0.3352992356211168,-0.6078872350311699,0.4007581953491209,APP
2.5835366564200073,0.3117536397626106,0.017002433468969277,1.1112386486295156,0.005990139693561216,-0.46411315935519104,-0.3892138874453753,-0.336527206108615,-0.6076807308256075,0.4007581953491209,APP
-0.624679724864274,-2.578943261306862,0.16764433372948828,-0.7198399196820724,-5.1297456627048215,1.0617009579507486,-1.35633889895496,1.2783669677388703,1.3686236128177023,-2.074051802539396,APP
-0.6187004015970783,0.38797940626815575,-0.37210922819653597,-0.7198399196820724,0.048359670273669185,-1.3737585480439525,-1.35633889895496,1.4185755914085432,1.618377071921116,0.8831541639079235,APP
-0.624679724864274,0.42218007353192505,-0.4472205652930379,-0.7198399196820724,0.2176065794037767,-2.566311373111329,-1.35633889895496,1.1174298002215917,0.708701752700806,0.8377768296730158,APP
-0.6075595154507004,0.28620936808339464,0.0036091957379462748,-0.7198399196820724,-0.07667004932069242,-1.2408023532566863,-1.35633889895496,1.013227082982687,2.1567664381739187,0.8831541639079235,APP
-0.614935642502918,0.4155740039246185,0.3790041427684816,-0.7198399196820724,-0.34604905795103064,-0.6902246189644017,-1.35633889895496,1.9858234583276397,-0.3491478068062892,0.9285314981428312,APP
-0.624679724864274,0.4202415053497528,0.2396988140836906,-0.7198399196820724,0.09738187960103882,-1.2070733145428472,-1.35633889895496,1.657785777375964,-0.4498713432531849,0.8831541639079235,APP
-0.4145272735614668,0.4202415053497528,0.5311191568495751,-0.7198399196820724,-0.14681632295739236,-0.6887858386768362,-1.35633889895496,1.1595836010104494,-0.4444415581641799,-0.3015433160403983,APP
-0.6181836699567034,-2.578943261306862,-1.081299992410018,-0.7198399196820724,-0.5819379309528888,1.0617009579507486,-1.35633889895496,1.351751272616769,-0.6532254408724899,2.375719403819247,APP
-0.624679724864274,0.1105511144671441,1.3788000879499018,-0.7198399196820724,-0.0009426945745972618,0.11020854547419219,-1.35633889895496,2.2414356054638036,-0.5088189140984277,0.9285314981428312,APP
-0.6082684861491212,0.47986395325972725,3.126681660275395,-0.2520634130961991,0.28794303116710906,-4.030858179495653,0.36841911941754063,1.4403706114572667,-0.660474678992586,0.2972629676518075,APP
-0.5866243821508116,0.4876224463271195,0.10730397357322062,-0.7198399196820724,-0.45372726359828947,-0.12870355915816328,-0.22086407763461244,0.27260951152455914,-0.7825497458805555,0.8569749326185527,APP
-0.624679724864274,0.4202415053497528,0.3261641905087333,-0.7198399196820724,0.19931978266330144,-2.465152146519129,-1.35633889895496,1.672917822010346,-0.44758817010880586,0.8831541639079235,APP
2.507601950585804,0.48667492801627416,-0.41428137427397393,2.4103546681857253,0.6659267460544499,1.0617009579507486,-1.35633889895496,0.4490189486792317,-0.2673485204099102,-1.687297292291091,APP
-0.6181836699567034,0.4155740039246185,-1.4271614981101886,-0.7198399196820724,-0.3862021903808435,1.0617009579507486,-1.35633889895496,1.3735743451379119,-0.6532254408724899,0.9285314981428312,APP
-0.624679724864274,0.15734400236715154,0.4525073375425038,-0.7198399196820724,-0.19191305091357438,-2.5177826327461315,-1.35633889895496,1.6300662289455132,1.8854442941621328,0.8831541639079235,APP
-0.624679724864274,0.13992461882341684,0.6980263076383041,-0.7198399196820724,-0.4859072989169074,-2.2815765369371577,-1.35633889895496,1.6382275265249384,1.8036521810266473,0.9171871645841022,APP
-0.6082684861491212,0.42220371834063547,0.7448807819003754,-0.2520634130961991,0.033693656555543704,-2.465152146519129,0.36841911941754063,0.31084404381654573,1.5308633074620661,0.2972629676518075,APP
-0.5903126027989914,0.4876224463271195,0.33282185594496944,-0.2520634130961991,-0.4256668811591599,-0.12870355915816328,-0.22086407763461244,0.2851416152242536,-0.6997810182001771,0.8944984974666523,APP
0.8034917240586374,0.4104992757050005,-0.035105686764449244,0.6879897284933355,0.387964835372913,0.32411281126742403,0.07273016200559825,-0.16795137329362622,-0.3673590173615453,0.12256023084740689,APP
0.7371897135399759,0.3183317388595332,-0.1307215202740022,1.1396605123208092,-0.20970402340380265,0.17518522622237778,0.4061215844524591,-0.29859066435301995,-0.4553808173396984,0.06845648618270499,APP
-0.49741301468740057,0.2181383136042296,-0.3876062601794757,-0.7198399196820724,-0.032568456722464334,0.24597673141276416,0.147373539950472,-0.11618230712008219,2.055236743393763,-0.26105277164617263,APP
1.0231831531023112,0.09701531241516952,-0.3016673753487756,-0.2478001335425051,-0.30111139108748314,0.3736313842325283,-0.749473881021663,0.3664058867880734,-0.6458023395558609,0.7458004637430269,APP
-0.19164874407900517,0.300645092572267,-0.061976090661681235,-0.2520634130961991,-0.3730618318022338,-0.03492990990471262,0.21373512854691254,0.06511917920542701,-0.8097653076050157,0.12256023084740689,APP
1.295000317867257,0.19490091101761695,-0.34197083677565576,-0.7198399196820724,0.22381705396552676,0.18306008513406882,0.1999415216244756,-0.46517404878722307,-0.7340540687187396,0.22657904317050725,APP
0.696064502320483,0.2837976091187665,-0.06401251202899869,2.4103546681857253,0.1067828552464155,0.26583421443914795,0.6320310168349259,-0.25649826601802744,-0.6775805892950073,-0.20267308587087543,APP
-0.4180695085020258,0.5404751813644372,0.18668094952677142,-0.7198399196820724,0.40493905103329536,-0.039498909018438465,-0.03445014817357431,-0.4980613464621897,-0.6839557885661519,-1.0169344430746028,APP
0.2679375489350817,0.34664156734595375,0.2101491989081287,-0.2520634130961991,-0.03813673457540828,-0.3091098625030744,-0.46103263192028465,-0.19332547566170336,-0.8122751033751424,-0.8115147415573407,APP
1.100700194193474,0.09701531241516952,-0.30643961108465306,-0.2478001335425051,-0.29409816903460695,0.3736313842325283,-0.749473881021663,0.3622311721853031,-0.6394467237391517,0.5350576518635917,APP
2.354460723500776,0.2742583202545036,-0.29504150278496266,-0.29659099954589235,0.22190215549362433,0.2570487966983395,-0.3892138874453753,-0.1513385465348286,-0.7435139602002551,0.4007581953491209,APP
1.5467463469518545,0.2742078389426556,-0.12175966966846002,2.8336035883219055,-0.028081219171496204,-0.03819002636965855,-0.43369031579460554,-0.10611858968245198,-0.543103187463883,0.5271166183724798,APP
-0.5856948479781822,0.19384594025202584,0.38304930657784025,-0.2520634130961991,-0.27123994911266497,0.43127214438622136,-0.22086407763461244,0.37015798474380557,-0.7087130858225734,1.3048143158753895,APP
-0.5885919904227864,0.14360977524919596,0.28826887121133793,-0.2520634130961991,-0.340069405352643,-0.009397232578374118,-0.18608086999781923,0.35954005431832675,-0.750349893713203,1.2905030027705346,APP
-0.6038643996484437,0.36063076400655464,0.6434707725129793,-0.2478001335425051,-0.24587267608363456,-0.6545354595283215,-1.35633889895496,1.377815242549059,1.4785839111185914,1.086828583339229,APP
1.582998039418705,0.2742583202545036,-0.45362540799118917,2.8336035883219055,0.03384493285874557,0.20643030835515022,0.17975188363919195,-0.5935641320105048,-0.6562499579638191,0.20048707598543236,APP
-0.5749849048213586,0.36469319562038766,-0.3399911020562465,-0.7198399196820724,-0.16841640440899858,-0.17943465557770963,0.005925486652907791,0.4523485467580572,1.1706521846881992,0.7279985864662512,APP
-0.5756243602263225,0.27175177404716183,-0.570914089901085,-0.2478001335425051,-0.10465875369586201,0.057592171801879054,-0.10874758356683238,0.10918068982513902,2.122576087609709,1.301672808120664,APP
1.0663732886745196,0.2646423197630443,-0.015632703479149395,2.8336035883219055,0.02142147105359855,-0.009838688801524805,-0.4120390466301515,-0.12860786512761088,-0.5505662385488631,0.5271166183724798,APP
1.9460773517125713,0.28172996940578054,-0.17353670999895673,1.562909432456989,0.24117075539061752,0.5017921516270532,-0.4120390466301515,-0.26939997122929743,-0.5373535659220009,0.22657904317050725,APP
-0.49119518458103717,0.40653498317971654,-0.2642497887539584,-0.7198399196820724,0.19419784292387568,-0.17487680061282326,1.1573569579383938,-0.4536154037047576,-0.7705696280738998,-0.2679466358857066,APP
-0.3599026009796606,0.5123531314318748,-0.3791691116251801,-0.7198399196820724,-0.0640686850469944,0.30412709422433204,1.2060070002864651,-0.9241992929402205,-0.4280943182638466,-1.1232221221094505,nonAPP
-0.5415582362841586,0.5402714185222561,0.45739941739385365,-0.2572740881062696,0.1453165817799072,0.15581182001196092,0.17975188363919195,0.26767461529570696,-0.8697603722449286,-0.5012035866740001,nonAPP
-0.5266323321237198,0.40027252419092285,-1.0152020157650963,-0.7198399196820724,0.33211889479142315,-0.011168590385797197,0.17975188363919195,0.14314768851983337,-0.5292341466946312,-0.26105277164617263,nonAPP
-0.4475786504490558,0.2523822977589554,-1.0648551260228722,-0.7198399196820724,0.4030530494351956,0.12769846979109858,0.9861512324287537,-0.5069134573117868,-0.8410878492278366,-0.5629865725169144,nonAPP
-0.5776541067159838,0.5538017834508803,0.19736280384891022,-0.2478001335425051,0.024805382473233918,0.793483570866611,1.168043342138309,-0.6004698737082781,-0.5912367723004637,-0.36821309172399863,nonAPP
-0.49795793375483943,0.07125601263400093,-0.9480792642884704,-0.2478001335425051,0.5998381544780923,1.0617009579507486,-1.35633889895496,1.1734027880602074,1.5860231839105459,-1.2289862165185075,nonAPP
0.09594253282503516,0.5553037082480268,-0.4472205652930378,-0.2520634130961991,0.32483747223932263,0.20643030835515022,0.5984349374898856,-0.20009426064914856,-0.8639050736959585,-0.5813120344194771,nonAPP
-0.624679724864274,-2.578943261306862,-3.6752612851613,-0.7198399196820724,-5.122500618516458,1.0617009579507486,1.696420840754737,-2.06953847074966,-0.3067585134905354,-3.1655512190975594,nonAPP
-0.3608586949305609,0.5561696672090396,-1.2414210598638007,-0.2572740881062696,0.517345911629159,1.0617009579507486,-0.09085648322977125,-1.1314577341714556,-0.5849621508794739,-1.1630145536692935,nonAPP
-0.4839751755662936,0.6923119623922267,0.33417024388142236,-0.7198399196820724,0.46818328896409556,1.0617009579507486,1.6520728230816348,-0.9764980465208165,-0.5583892482904379,-1.5640803770224536,nonAPP
-0.35674452682243274,-2.578943261306862,-0.604139211397745,0.16597483202991054,0.38998992187892484,1.0617009579507486,-1.35633889895496,1.8486837750012806,-0.40345325341338106,-0.10589719420450429,nonAPP
-0.46266620848364626,0.9068311988802147,-0.6756599548604347,-0.2520634130961991,0.9281547718910422,0.4156905151729136,0.8086519708560793,-0.8191715301702821,0.43534200855696575,-2.6198015108184776,nonAPP
-0.41385616834352984,0.555652366110595,-1.0655790148781918,-0.2478001335425051,0.7203512554750643,0.7037988501663063,0.881311447367535,-0.9757362274509043,2.162815966622424,-1.3604932216954477,nonAPP
-0.5342343403793044,0.9935238474817046,0.006242297736075118,0.171185507039981,1.2752339443180767,-1.5666710583756525,-1.35633889895496,-0.1879704291763106,-0.67882217406829,-1.354471998498892,nonAPP
0.31394148378331155,0.37763173565573205,-0.07253726745118601,-0.29659099954589235,0.5004816078405087,1.0617009579507486,1.13095897342958,-1.0828563995793667,-0.5092717795814664,-1.024788212461415,nonAPP
-0.5852161913007823,0.23988620438359576,-0.2806946551411037,-0.7198399196820724,-0.23869536281031337,1.0617009579507486,-1.35633889895496,0.1112871356779672,2.1135535492806916,1.3246232675510132,nonAPP
0.2291157667982928,-2.578943261306862,-0.6201513181431233,0.6879897284933355,0.7774668783516338,1.0617009579507486,-0.09085648322977125,-0.905809666410746,-0.5221403683600236,0.17456963700895708,nonAPP
-0.624679724864274,-2.578943261306862,-0.21664622815959056,-0.7198399196820724,-5.104701649562876,1.0617009579507486,1.3247027681324421,-1.455468930452835,1.7910443196478822,-2.8248721559185483,nonAPP
-0.5059643214284204,0.3348525339822158,-0.9839463833981178,-0.29659099954589235,0.7999880225965749,1.0617009579507486,-1.35633889895496,0.790859094594899,-1.0364374819513165,0.1788455781195524,nonAPP
-0.6076072805603149,0.8678858283682732,-2.426316959021794,-0.7198399196820724,0.85276324825073,1.0617009579507486,1.6938205170931957,-2.7647397391362767,-0.4007031186032886,-2.6911835481341604,nonAPP
-0.5797242698805983,-0.22492598747604964,0.78571165410109,-0.29659099954589235,0.16856237481326636,1.0617009579507486,-1.35633889895496,0.4046527912780712,1.4582777685921129,0.5321779364217615,nonAPP
-0.2720420608791872,-2.578943261306862,-0.022899736540513346,-0.2520634130961991,0.9533617929378843,1.0617009579507486,0.8086519708560793,-0.555983558567141,-0.3257278433566282,0.2508384641653219,nonAPP
-0.6064095704367316,0.6506675457003575,0.6480075360908367,-0.7198399196820724,0.29619908385820637,1.0617009579507486,1.6938205170931957,-1.1527201877959925,0.6102684386651268,-0.2537225868851476,nonAPP
-0.43939378419891695,0.538110379741891,-0.9695063744059219,-0.7198399196820724,0.8946191332941339,0.3458967423818611,1.5794127307132906,-1.4225136413322308,-0.6614921690054402,-1.4473210054718593,nonAPP
-0.5252088840920984,0.37791669297632186,0.05956261319818483,-0.7198399196820724,0.1763016221174363,0.02512600621872674,0.36841911941754063,0.11983340397511907,2.308410986428069,0.1894045347395989,nonAPP
-0.22783347498616205,0.4330182780424786,0.8369503956863006,-0.7198399196820724,0.8948455487673317,-0.9393819531457361,0.21373512854691254,-0.25198615360557225,-0.5386312287902553,-0.38741119466953555,nonAPP
-0.624679724864274,-2.578943261306862,-0.21664622815959056,-0.2478001335425051,-5.3055315933198575,1.0617009579507486,1.3247027681324421,-1.4198869057229861,1.892882911719525,-1.599684131575997,nonAPP
-0.2947694563146637,-2.578943261306862,-0.02962482137357223,-0.2520634130961991,0.3482825107237106,1.0617009579507486,1.4275827699619659,-0.7088098875981527,-0.4779885070904271,-0.725385070615312,nonAPP
-0.45867123724160935,0.4330182780424786,0.8267026473692584,0.6879897284933355,0.4322543554863903,-1.0904412011836986,0.21373512854691254,-0.17335214784233846,1.6084721472199852,-0.26105277164617263,nonAPP
-0.5167529398913914,0.6648184445951552,-0.30689628436081356,-0.7198399196820724,0.4825941732416229,0.7037988501663063,0.147373539950472,0.2336939710333897,1.34025711057786,-0.09778163250479682,nonAPP
0.31369390224619664,0.5578613389581055,-0.4856496214819458,-0.7198399196820724,0.2542338121238294,1.0617009579507486,0.9590507294541042,0.2623967968268527,-0.8532906103037374,1.3191256289802444,nonAPP
-0.5327257476280016,0.5927973617046549,-2.346256425294902,-0.2520634130961991,-0.3639299712111988,0.02512600621872674,0.36841911941754063,0.022155361356828034,-0.5986417230318611,-0.2573876792656601,nonAPP
-0.556140545540379,0.8678858283682732,0.11274568203104844,-0.7198399196820724,1.0753758796450446,1.0617009579507486,1.707570075070053,-1.9988792499618153,-0.345067330143119,-1.5622478308321974,nonAPP
-0.5703077452879077,0.46828967651156245,-0.7315955810909561,-0.2478001335425051,0.4335636740713741,0.18557695250861528,1.4275827699619659,-0.8096300773783877,1.7350383742673146,-0.2537225868851476,nonAPP
-0.4202627970406846,0.5691065976272885,0.8857873212597042,-0.7198399196820724,1.5024133098695358,1.0617009579507486,0.36841911941754063,-0.2404620609246024,-0.9187285391347141,-0.5774724138303688,nonAPP
-0.4388370673720844,-2.578943261306862,-1.5477860355920383,-0.29659099954589235,-0.05821818499618013,0.3443202382392659,0.5615128332050182,-0.018364417272950694,-0.33331408461774764,-0.18565658553278602,nonAPP
-0.5391290017511784,0.4155740039246185,0.5319197621868441,-0.7198399196820724,0.03117627704507939,0.5434134820847377,-1.35633889895496,1.1641885860382855,0.43418959494684845,0.8482485221887625,nonAPP
-0.5617971751709324,0.35770719514851634,0.5309735922427994,-0.7198399196820724,0.6462756648825945,0.3458967423818611,0.147373539950472,0.612748664578405,-0.5601110893374934,-0.135043405040001,nonAPP
-0.555355531212778,0.3982452900554376,0.33371275511726856,-0.7198399196820724,0.8431335491999841,-0.3849269676838872,1.13095897342958,0.03265306464458754,-0.5664985764174771,-0.2537225868851476,nonAPP
-0.624679724864274,0.3156985283077557,1.620262657670206,-0.7198399196820724,0.6848959322019464,-1.0212345839603514,1.3635211904072206,-1.6745583238184298,-0.5400956658348249,-1.3452220034433149,nonAPP
-0.2165233149431705,0.4153951351267433,-0.43103054625048864,-0.29659099954589235,0.1006459146124305,0.165758937589293,1.1842074826808684,-0.773082305411129,0.35814505841775823,-0.5720620393638959,nonAPP
-0.2274917275807495,0.5772117806168425,-0.12535332104415023,-0.2572740881062696,-0.03490599499538004,0.5969500665136146,1.0500308084320449,-0.5160637798024449,-0.7423758934042477,-0.16296791841533217,nonAPP
-0.45879347346434723,0.4631626764731942,-0.22970708385778146,-0.7198399196820724,0.0647372070183582,-0.06900896422760101,0.9793191414585712,-0.36432341263324347,1.5294024570465798,-0.16846555698609703,nonAPP
-0.10364924933620956,0.21594989947750978,-0.21274083627047402,-0.7198399196820724,0.10652035931801851,0.24374494061969498,0.6110878456432263,0.012373330287049846,-0.8565860681945354,0.19027717578257713,nonAPP
-0.4032641293603186,0.4330182780424786,-0.3180989364983073,-0.7198399196820724,0.31539745903935545,0.12294010315627067,-0.3892138874453753,0.3415378730907324,-0.8869088902353461,-0.30136878783180265,nonAPP
-0.10847968170990688,0.7853404554917969,-0.14299053713085053,0.21997637304336817,0.2371825119961199,0.6982640036103398,1.3538485356060463,-1.1438184077100362,-0.6892358708113909,-1.1120523167593173,nonAPP
-0.5015540414840889,0.1480463160661831,-0.6616546988271437,-0.7198399196820724,-0.18178403342485164,0.39115749024040836,-1.35633889895496,0.9149266260614285,1.5144160519431282,0.2489186538707698,nonAPP
-0.1465925332685925,0.6066368608533528,-0.07398149668704367,0.2147656980332977,0.6885778323398037,0.5512775253719909,0.4593308874899785,-0.5047893131986722,-0.8742272266136735,-0.44989229334683245,nonAPP
-0.35260859546728873,0.37497231668049563,0.3584047838203734,-0.2572740881062696,0.09721317355934486,0.07569924261157755,0.7809287591741784,-0.44201679774425645,-0.8829193177292246,-1.486240795988724,nonAPP
0.15715431688116452,0.5707271446559493,-0.3836845257273769,0.6879897284933355,0.7022709752250903,-0.11910198093537568,1.501326119817511,-1.1281955676219997,-0.6810663417261938,-1.1069909987100395,nonAPP
0.4932047547940092,0.4943016973059144,0.6138483750340297,-0.2520634130961991,0.434231728990652,0.30412709422433204,1.3930664160911297,-0.7847229412291945,-0.8388756039439214,-0.7497317557144264,nonAPP
-0.5861870843556909,0.38885931854098743,-0.5520270821718775,-0.7198399196820724,-0.28047775196275976,0.5923095160805176,0.7190394797584129,0.0684583782117903,-0.9165132131514514,0.2429846947785099,nonAPP
-0.1744733992569787,-0.11592877728844105,-0.06897902150776865,0.6879897284933355,0.5663803727318336,0.18978629032015118,0.9066426995331259,-0.6864254803579516,-0.7302547744654989,-0.6429204920537958,nonAPP
0.2614787441325766,0.4825238440669145,-0.004721285941348626,-0.2572740881062696,0.4350602807119979,0.6567571405489535,0.19806491869012907,-1.1041434068561533,-0.5904057932397414,-1.0897127060590548,nonAPP
-0.4549808464932154,-0.11592877728844105,-0.077276851047818,-0.2520634130961991,-0.17766771277558524,0.34053900189721903,0.17975188363919195,-0.33536482411873747,-0.979869741808551,-0.2926423774020124,nonAPP
-0.5376422978805424,0.23209476100127185,-0.35301600394106225,-0.7198399196820724,0.10334952177149281,0.21642141756613117,1.3930664160911297,-0.9312324658728116,0.3584379741517712,-0.8774864044065546,nonAPP
-0.3689171031507944,0.22354838886068298,0.016942152596516102,-0.7198399196820724,-0.5104658542021531,0.4141525523059951,-0.5590255549524682,0.6922704675361238,-0.7557592036773166,0.523626054200567,nonAPP
-0.4129314005796785,0.4934635012804061,-0.018653047360217424,-0.7198399196820724,0.631667553716312,-0.5444209717049422,1.418159862396382,-1.3182222469110005,-0.714683510767697,-2.0059858011870304,nonAPP
0.1680111642475825,0.05313471832037946,-0.5591660767998562,-0.7198399196820724,0.09676657575004105,0.6167999127120296,-0.21867894919553585,-0.3413383524859767,-0.4483048024858075,-0.31044425467878417,nonAPP
-0.5586051872876695,0.44781030784621556,0.6024619880150941,-0.2572740881062696,-0.28571192268908874,0.06578334345811927,0.4593308874899785,0.2617210005765803,1.7253318216645306,0.23390922793152838,nonAPP
-0.31593353259423657,0.5429451387427151,0.196048418738681,-0.7198399196820724,0.730164041371663,0.17189886747331143,1.2448141397480754,-0.8929073429302306,-0.5671545497028795,-0.3645479993434861,nonAPP
-0.4596612540541201,0.5223949402772676,-0.8084536934687719,-0.7198399196820724,0.2585019530009379,0.5252661837824752,-0.8021959364617417,0.10934062453300976,1.3805215519163951,0.12875598225255827,nonAPP
-0.2623269656997807,0.5046420529288456,-0.6468093120759694,-0.7198399196820724,0.6856170747720118,-0.035181576632688394,1.510072274336788,-1.0533377044295804,-0.9192206825551559,-1.352552188204336,nonAPP
-0.45867480104951003,0.5007764189854197,-0.672414834560038,-0.2572740881062696,0.29880786358576583,0.20643030835515022,0.9195241853833062,-0.589296740286941,1.9203111153078545,-1.0952976087341193,nonAPP
0.32248786717502453,-0.11592877728844105,-0.007996160262122758,-0.7198399196820724,0.5690590201409715,0.42216240741502625,-0.8199987136367193,-0.2842317531694849,-0.6935972008348646,-0.9012222407755862,nonAPP
-0.48580259701247963,0.4585533047197875,0.04005986718231406,-0.2520634130961991,0.21966688385177205,0.07232161481308139,0.5984349374898856,-0.03743775280039825,-0.32486304820316597,-0.21017779884049614,nonAPP
-0.005063839404402482,0.5478930692613585,-0.17981838264522043,-0.7198399196820724,0.06296496468650835,0.3573013409635674,1.3930664160911297,-1.1411924249587848,1.6945507834354958,-0.4657743603290521,nonAPP
-0.49656979282378855,0.42220371834063547,-0.054264627988813145,-0.7198399196820724,0.027120566083889235,0.5642502254568479,0.866384619026314,-0.39460980983627425,-0.665368919332581,0.16270171882444123,nonAPP
-0.45044984819518485,0.5796389308969444,-0.6175893810638627,-0.7198399196820724,0.2859263541599375,0.659374877324544,1.168043342138309,-0.5867149468992559,-0.5702032766402316,-0.6882978262887034,nonAPP
-0.5256246831621743,0.41012621406075284,-0.47355158527432656,-0.7198399196820724,0.061130902778788895,0.5974365461853705,0.130533391534216,-0.5771960832207605,-0.8758401716510388,-0.20834525265023987,nonAPP
-0.46381263914348936,0.1115391019493616,-0.18641537062431643,-0.2572740881062696,0.6718769927572514,0.793483570866611,0.9195241853833062,-0.5074339229414684,-0.6672606893872728,0.2320766817412721,nonAPP
0.043044616374778286,0.4696452471994396,-0.04576502497291354,-0.7198399196820724,-0.1862624631805874,0.39115749024040836,-0.3892138874453753,-0.017178129984596145,-0.5175964564338219,0.10179137402450515,nonAPP
-0.5458633859459423,0.4001695949499411,0.7168595950959634,-0.7198399196820724,0.004006723632314105,0.7386957365618331,0.8086519708560793,-0.29741298166459446,-0.6601956814572826,0.4648100479037786,nonAPP
0.05902017474069902,0.6421205993459079,0.03237405594453248,-0.29659099954589235,0.2360940141281405,-0.24651426061424364,0.9195241853833062,-0.8744221932627464,1.923951026342492,0.22483376108454683,nonAPP
-0.4802035363664455,0.22690083677302744,-0.7361501358985305,1.1505555600691382,-0.2811159682854437,1.0617009579507486,0.4593308874899785,-0.516673549808718,-0.6580601714087887,0.25624883863179093,nonAPP
-0.4792682216271609,0.5191841359374277,-0.6415829071715529,-0.2520634130961991,0.23099020257297165,0.24597673141276416,0.881311447367535,-0.7330207077880306,1.6355458436827321,-1.1120523167593173,nonAPP
-0.5267459988388679,0.8482930735319308,-0.3454172760908433,0.16597483202991054,0.3249366527511372,0.6883838222544928,0.4125838753237547,-0.3408102413157262,-0.4313465440637101,-0.29595841336533363,nonAPP
-0.23226268490246393,0.7224618599990354,0.23077778318269407,0.6879897284933355,0.6341288414193973,-0.11590919779208127,1.6938205170931957,-1.436736972272147,-0.5537155543673157,-1.3452220034433149,nonAPP
-0.5836108537317489,0.38253825272000597,-0.4999964691258046,-0.2478001335425051,-0.11457072328976371,0.659374877324544,0.17975188363919195,-0.10299226463837659,1.840776243587535,0.5497180213856379,nonAPP
-0.6080704935665081,0.3685169876475254,-0.21489945287827666,-0.2478001335425051,0.13603048683879257,-0.3699074731870236,0.881311447367535,-0.49983726029974335,1.6879679947944175,-0.27274616162209286,nonAPP
-0.3960941174873441,0.6157428162539248,-0.640605493211413,-0.29659099954589235,0.6406556753377708,0.33770518339248,1.1618008439010215,-0.7028022858167344,-0.8043804813305845,-1.3965332967704864,nonAPP
-0.4844258393755063,0.2702057579397795,-0.04576502497291354,-0.2478001335425051,0.3060000899260313,0.793483570866611,0.9195241853833062,-0.6040436217960677,1.8129950979960168,-0.8957246022048174,nonAPP
0.022861915114865395,-0.2287949110984919,-0.45183205203570675,-0.7198399196820724,0.3692876073862977,0.07232161481308139,0.5984349374898856,-0.1217179666599075,-0.7241243602893648,-0.3220503805504085,nonAPP
-0.46291780757997164,0.492672564522543,-0.6073416327468207,2.4103546681857253,-0.02754534843650813,0.20643030835515022,1.6027503080214982,-1.1947193614828224,-0.5777287547791744,-0.22518722477973363,nonAPP
-0.3510148365624545,0.3348525339822158,0.43522442867447647,-0.29659099954589235,0.6334476996095619,-0.13340017944040602,-0.18608086999781923,-0.1863388027098988,-0.7832792610661218,-1.486240795988724,nonAPP
-0.37656023320256266,0.44474484847048995,-0.14903955523466,-0.7198399196820724,0.3192392142320779,0.45735230591623843,-0.38316428428320604,-0.3086241785624979,-0.6630093357040422,-0.26105277164617263,nonAPP
-0.34932635199947865,0.7116299370773999,-1.188435542997276,0.6879897284933355,0.26484420897899574,1.0617009579507486,0.7190394797584129,0.01742012020867109,-0.8296026447642001,-1.5640803770224536,nonAPP
-0.4783497273508147,0.12820372971764138,-0.05216986767106486,-0.7198399196820724,1.1117571180085892,0.9275922644086798,1.168043342138309,-0.6834168506147774,-0.5702670864686537,0.18888095011381198,nonAPP
-0.5412646958030226,-2.578943261306862,-0.6516631442180276,-0.29659099954589235,0.33781763016563854,0.6087563889813548,0.17975188363919195,-0.3453745669226632,-0.5618616115905893,0.26000119511660325,nonAPP
-0.5251172257416032,0.4318025978717078,0.06400233370485778,-0.2520634130961991,0.5710578976390044,-0.06563851110906464,0.8964415866321337,-0.1841397804721341,-0.6986044881708426,-0.26105277164617263,nonAPP
-0.5510133795366049,0.5225203361829568,-1.2742138544783355,-0.2478001335425051,0.4745848485742398,0.659374877324544,0.9195241853833062,-0.6191527822350044,1.6995276402482846,-0.5366328130189479,nonAPP
-0.4538258273971425,0.5916461107917249,0.025670320587134095,-0.7198399196820724,0.31930550783432043,0.7388796340805818,1.1932565781954867,-1.0807646415904184,-0.7520051610869564,-1.1630145536692935,nonAPP
-0.5021738733898528,0.3860676160929629,-0.0037492568730409315,-0.7198399196820724,0.1803591636363568,0.5252661837824752,0.9195241853833062,-0.6196603355903021,1.8252434963335815,-0.3188216086913831,nonAPP
-0.423908797089082,0.655147945165182,-1.4669630205915571,0.2147656980332977,0.9709738109715239,1.0617009579507486,1.13095897342958,-1.10923013763024,-0.5277446544993665,-1.4789106112276988,nonAPP
-0.24843049238469764,0.5060300271384431,-0.724359839880612,4.269855100188607,-0.6101068037384818,0.7275995669848803,0.7809287591741784,-0.794207141237011,-0.6815018952405535,-0.0173241283421325,nonAPP
-0.4306455421336379,0.480697622362474,0.7730300655587503,-0.7198399196820724,0.4421531399526765,0.39115749024040836,1.501326119817511,-0.9204418526447844,-0.6520782955108049,-0.7944982412192514,nonAPP
-0.5745567239978809,0.4876215367099339,0.6095784799019287,2.4103546681857253,0.7780541176847815,-0.36093910363363274,1.4534916783735317,-0.6787253598387345,-0.5197704051022145,-0.8993896945853299,nonAPP
-0.4915719057772657,0.5344132738393553,-0.12134216881109904,-0.2478001335425051,0.5934842790167972,0.39115749024040836,1.501326119817511,-1.50625610097892,1.9059904202518378,-1.347054549633571,nonAPP
-0.5457069823512216,0.23349140703268095,-1.1185987822404284,-0.2572740881062696,0.6621459800415924,-0.08541182695698558,1.2744397057464452,-1.1582144986413045,1.3348230045988245,-1.4230615844770405,nonAPP
